Name,Last,Chg%,Volume,Value (k),MCap (M),P/E,P/BV,D/E,DPS,EPS,ROA%,ROE%,NPM%,Yield%,FFloat%,Magic1,Magic2,PEG
24CS,2.88,1.41,779800.0,2259.0,0.0,,-,,-,0.0,,,,-,30.23,,,
2S,3.24,-1.22,221300.0,718.0,1793.0,,0.90,0.26,0.27,0.0,-2.64,-4.19,-2.68,13.19,57.5,,,
3K-BAT,62.0,0.0,0.0,0.0,4861.0,29.33,2.04,0.61,0.06,0.54,6.46,7.05,3.05,0.50,2.1,649.0,619.0,0.29
7UP,0.78,0.0,8881400.0,6977.0,4063.0,119.96,1.61,0.38,,0.01,0.31,1.32,-12.96,,63.37,1207.0,1262.0,-4.9
A,5.0,-0.99,1900.0,10.0,4880.0,,1.54,3.42,,0.0,2.11,-2.6,2.87,,24.92,,,
A5,3.84,1.05,406500.0,1558.0,4668.0,48.59,5.36,1.28,0.01,0.08,9.31,11.58,11.89,0.26,26.38,773.0,741.0,3.58
AAI,6.8,1.49,4036300.0,27385.0,0.0,,-,,-,0.0,,,,-,26.68,,,
AAV,2.82,-3.42,94505700.0,268676.0,34060.0,,6.22,23.11,,0.0,-22.62,-180.36,-117.0,,34.76,,,
ABICO,3.98,-3.4,333300.0,1342.0,973.0,26.14,0.95,,0.05,0.15,,,,1.10,27.66,,,-0.21
ABM,1.88,2.17,511600.0,957.0,756.0,27.35,1.30,2.67,,0.07,4.09,7.14,1.28,,36.71,815.0,876.0,-0.21
ACAP,0.67,-1.47,1067100.0,705.0,272.0,,,-10.9,,0.0,-12.62,133.24,-5233.94,,60.41,,,
ACC,1.18,1.72,997100.0,1158.0,1571.0,9.83,2.29,0.09,,0.12,21.11,26.38,729.81,,64.02,192.0,166.0,0.27
ACE,2.48,0.81,7772000.0,19266.0,25236.0,17.17,1.76,0.39,0.02,0.14,9.02,10.73,21.39,0.81,24.04,575.0,511.0,0.38
ACG,1.54,0.0,71900.0,109.0,900.0,39.58,1.34,0.85,0.01,0.04,4.57,3.41,1.24,0.86,25.38,1043.0,929.0,3.1
ADB,1.35,0.75,1242000.0,1685.0,1031.0,123.47,1.56,1.74,0.05,0.01,1.48,1.24,0.64,4.08,45.32,1209.0,1201.0,0.25
ADD,9.8,2.08,199900.0,1939.0,1560.0,22.73,2.93,0.19,0.04,0.43,12.46,12.68,16.74,4.80,39.54,585.0,487.0,0.63
ADVANC,209.0,0.0,5039600.0,1052002.0,621610.0,23.9,7.25,2.93,4.24,8.74,10.79,31.08,13.97,3.68,36.23,416.0,546.0,-9.91
AEONTS,201.0,1.26,311100.0,62232.0,49625.0,12.31,2.28,3.31,2.55,16.13,4.49,19.94,20.58,2.56,30.91,309.0,638.0,0.55
AF,1.15,0.0,151300.0,175.0,1904.0,36.7,3.31,2.82,0.03,0.03,2.53,9.21,22.94,2.17,21.72,813.0,1028.0,933.42
AFC,8.45,-1.17,29900.0,249.0,387.0,,0.33,0.3,0.14,0.0,-1.89,-2.29,-13.16,1.66,39.38,,,
AGE,3.66,1.67,886500.0,3234.0,4112.0,3.17,1.29,1.9,0.18,1.19,20.85,48.32,6.93,5.03,45.03,26.0,55.0,0.06
AH,29.5,0.85,793800.0,23248.0,10734.0,6.96,1.13,1.59,0.58,4.34,8.52,17.08,6.82,3.19,53.52,208.0,303.0,0.08
AHC,18.8,1.08,57100.0,1071.0,2818.0,10.4,1.39,0.19,0.60,1.81,13.73,13.11,13.63,3.21,58.57,292.0,197.0,0.25
AI,6.6,1.54,123300.0,809.0,4585.0,36.01,1.98,0.19,0.20,0.18,3.86,5.11,1.45,6.82,51.09,799.0,783.0,0.79
AIE,2.72,0.0,1788600.0,4880.0,3608.0,,1.80,0.24,,0.0,-0.75,-1.02,-0.29,,29.01,,,-0.18
AIRA,1.97,1.03,51000.0,97.0,12440.0,162.55,3.40,1.2,,0.0,0.71,2.09,1.38,,25.77,1181.0,1253.0,-1.94
AIT,6.1,0.83,1722800.0,10481.0,8120.0,14.99,2.17,0.7,0.17,0.41,11.32,15.93,8.05,4.69,75.28,414.0,397.0,1.36
AJ,11.4,0.88,284300.0,3257.0,5060.0,12.03,1.07,1.52,0.38,0.96,4.2,9.06,3.02,5.70,44.09,533.0,644.0,0.04
AJA,0.25,-3.85,20523800.0,5213.0,1339.0,,1.56,0.26,,0.0,-15.28,-20.38,-26.33,,79.08,,,
AKP,2.12,1.92,532600.0,1120.0,848.0,23.91,1.42,0.2,0.05,0.09,6.48,6.01,9.42,2.36,48.51,837.0,698.0,12.34
AKR,0.97,1.04,625900.0,603.0,1413.0,11.53,1.07,0.73,0.02,0.08,7.96,9.53,6.54,3.09,68.07,506.0,445.0,-0.06
ALL,0.28,-3.45,7853000.0,2254.0,481.0,,0.24,3.02,,0.0,-3.43,-29.1,-63.99,,33.36,,,
ALLA,1.41,0.71,91500.0,128.0,846.0,15.69,1.01,0.26,0.05,0.09,6.33,6.5,6.72,3.55,34.93,691.0,582.0,-4.87
ALPHAX,1.38,3.76,22764200.0,31340.0,2641.0,143.03,1.92,0.2,,0.01,3.41,1.92,13.53,,76.96,1186.0,1105.0,
ALT,2.14,0.94,80600.0,172.0,2423.0,,1.41,0.88,,0.0,-0.77,-2.63,2.66,,30.01,,,
ALUCON,190.5,0.0,0.0,0.0,8208.0,12.11,1.28,0.15,10.00,15.69,11.31,10.84,10.34,5.25,21.37,472.0,343.0,-2.02
AMA,6.35,-0.78,2211000.0,14123.0,3185.0,10.38,1.12,0.58,0.15,0.59,9.59,11.84,11.26,,35.65,397.0,359.0,0.55
AMANAH,3.92,0.51,1118200.0,4354.0,4041.0,13.77,2.28,1.32,0.16,0.28,7.52,17.15,32.48,4.08,43.65,362.0,499.0,0.19
AMARC,2.86,2.88,500600.0,1421.0,1218.0,83.91,2.23,0.28,0.08,0.03,4.2,3.82,5.49,3.50,26.62,1100.0,1027.0,
AMARIN,7.0,0.0,2400.0,17.0,6938.0,14.56,1.51,0.33,0.19,0.48,8.19,10.69,12.32,2.71,17.96,525.0,492.0,-0.37
AMATA,19.9,0.51,2624300.0,52154.0,23000.0,10.02,1.20,0.99,0.20,2.0,9.6,12.7,26.49,2.01,72.13,359.0,340.0,0.97
AMATAV,7.0,0.72,45200.0,317.0,6545.0,3.94,1.12,1.1,0.05,1.78,18.22,34.34,47.96,0.71,20.84,56.0,81.0,-0.01
AMC,2.98,0.68,100200.0,296.0,1431.0,13.65,0.51,0.5,0.34,0.22,4.11,3.68,-2.15,11.41,30.67,748.0,676.0,0.59
AMR,3.66,0.55,325400.0,1178.0,2196.0,23.44,1.51,0.46,0.08,0.16,5.46,6.52,5.93,4.41,40.75,801.0,743.0,
ANAN,1.41,1.44,6405600.0,8983.0,5958.0,,0.41,2.76,,0.0,0.51,-3.75,-12.52,,52.44,,,
AOT,73.0,0.69,8521800.0,620110.0,1039285.0,,10.22,0.78,,0.0,-2.73,-6.18,3.86,,30.0,,,
AP,12.3,2.5,31645100.0,386626.0,39009.0,6.83,1.10,0.79,0.50,1.82,11.41,17.05,15.82,4.07,64.48,208.0,207.0,0.53
APCO,5.2,0.97,159600.0,822.0,3090.0,41.22,5.36,0.11,0.12,0.12,14.51,13.05,28.85,2.37,32.17,716.0,591.0,-4.17
APCS,4.78,0.0,77800.0,369.0,3155.0,,1.69,0.98,0.06,0.0,0.71,-1.69,-1.65,1.26,52.6,,,
APEX,0.04,0.0,0.0,0.0,0.0,,,-3.54,,0.0,-1.04,38.68,-401.44,,43.88,,,
APP,3.8,0.53,5976600.0,22820.0,1047.0,22.53,3.02,1.23,0.20,0.17,7.62,13.43,5.23,5.26,41.27,569.0,635.0,-4.38
APURE,4.98,0.4,99600.0,495.0,4753.0,17.15,2.08,0.08,0.05,0.29,11.95,12.91,13.0,5.12,32.94,506.0,423.0,0.1
AQ,0.02,-33.33,16530000.0,349.0,1874.0,,0.67,1.18,,0.0,0.27,-0.07,11.14,,71.39,,,
AQUA,0.67,0.0,2083500.0,1396.0,3902.0,5.01,0.69,0.53,,0.13,9.98,15.38,275.54,,60.13,211.0,233.0,0.53
ARIN,6.0,1.69,221200.0,1315.0,3540.0,,9.37,1.18,,0.0,-3.38,-13.19,-4.84,,31.36,,,
ARIP,1.33,10.83,9407000.0,11982.0,606.0,36.38,2.71,0.15,,0.04,8.28,7.79,5.67,,34.98,860.0,732.0,0.82
ARROW,7.45,-0.67,26900.0,200.0,1927.0,30.49,1.60,0.52,0.10,0.25,6.35,5.06,5.7,6.04,28.47,939.0,765.0,-2.77
AS,13.5,0.75,2354700.0,32260.0,6891.0,17.48,7.23,0.42,0.30,0.78,38.7,57.44,20.38,4.49,55.13,289.0,287.0,0.01
ASAP,3.2,2.56,214500.0,674.0,2323.0,,2.08,6.18,,0.0,-0.05,-0.71,2.69,,18.62,,,
ASEFA,3.56,0.0,256700.0,912.0,1936.0,18.59,1.19,0.84,0.18,0.19,4.92,6.36,3.31,5.06,29.05,754.0,723.0,-2.79
ASIA,7.85,0.0,11300.0,89.0,2512.0,,0.42,0.71,,0.0,-0.34,-3.18,-16.33,,27.62,,,
ASIAN,13.2,0.76,1389000.0,18283.0,10827.0,10.61,2.53,0.94,0.25,1.25,16.76,25.34,8.65,4.92,38.42,214.0,218.0,0.08
ASIMAR,1.81,-1.63,25900.0,47.0,468.0,46.24,1.12,1.01,0.10,0.04,2.5,2.38,0.93,5.52,65.14,1092.0,1073.0,0.08
ASK,31.25,3.31,2789800.0,86832.0,16495.0,10.91,1.67,5.83,1.44,2.86,2.39,15.39,26.67,4.61,41.9,333.0,725.0,0.92
ASN,3.4,0.0,45100.0,155.0,648.0,68.11,2.19,0.91,0.08,0.05,4.56,3.2,3.48,2.36,25.54,1111.0,996.0,4.68
ASP,3.04,0.0,600700.0,1828.0,6401.0,13.08,1.36,2.45,0.07,0.23,3.21,10.27,15.18,13.16,73.81,511.0,731.0,0.72
ASW,8.3,1.22,183400.0,1516.0,7106.0,7.85,1.37,1.83,0.40,1.06,10.4,18.65,17.52,5.06,32.14,204.0,265.0,
ATP30,1.43,1.42,769900.0,1084.0,989.0,25.28,1.96,1.3,0.03,0.06,5.95,7.86,6.23,2.10,50.35,767.0,733.0,1.87
AU,12.0,1.69,830000.0,9879.0,9706.0,101.49,10.92,0.34,,0.12,11.07,11.36,12.05,,35.24,847.0,745.0,-8.14
AUCT,10.5,7.14,8162200.0,84986.0,5720.0,22.77,10.30,2.26,0.15,0.46,18.8,45.96,26.36,4.29,30.27,392.0,432.0,1.29
AURA,18.7,-1.06,8772300.0,164861.0,0.0,,-,,-,0.0,,,,-,36.15,,,
AWC,5.85,0.0,39219500.0,229393.0,187205.0,54.82,2.30,0.76,0.01,0.11,3.84,4.28,40.12,0.18,24.97,1056.0,1018.0,-0.55
AYUD,41.25,-1.2,18500.0,768.0,16057.0,17.11,1.61,1.06,5.14,2.41,4.16,7.07,15.76,3.73,21.47,693.0,744.0,0.29
B,0.42,2.44,7236900.0,2969.0,1419.0,25.89,0.68,0.11,,0.02,3.41,3.47,19.42,,88.43,948.0,914.0,-0.38
B52,2.16,-0.92,38200.0,82.0,1607.0,,6.41,0.52,,0.0,-45.9,-59.8,-101.68,,40.26,,,
BA,13.7,-1.44,3839300.0,52420.0,28770.0,,1.71,2.7,,0.0,-2.04,-16.05,-27.83,,38.18,,,
BAFS,33.0,-2.22,736500.0,24451.0,21037.0,,4.61,3.0,,0.0,-0.36,-9.73,-14.14,,52.2,,,
BAM,15.5,0.0,13308900.0,206380.0,50420.0,17.72,1.18,2.01,0.55,0.88,2.25,6.73,25.23,3.55,54.2,717.0,866.0,-11.17
BANPU,11.1,1.83,76172900.0,841254.0,94687.0,2.14,0.68,2.23,0.45,5.24,20.82,49.04,21.24,2.88,90.17,17.0,48.0,-0.06
BAY,30.0,0.0,188500.0,5660.0,218834.0,7.37,0.66,6.75,0.40,4.04,1.18,9.23,26.94,2.83,23.12,410.0,698.0,0.58
BBGI,6.45,1.57,314100.0,2016.0,9327.0,456.8,0.96,0.37,0.05,0.01,1.42,0.25,0.15,3.88,31.82,1252.0,1225.0,-14.61
BBIK,115.5,3.59,374700.0,43227.0,11750.0,99.91,19.49,0.28,0.38,1.18,20.8,20.94,22.61,0.32,38.12,684.0,619.0,-13.41
BBL,165.0,2.8,9049000.0,1484458.0,314005.0,11.2,0.62,7.67,1.50,14.69,0.65,5.63,21.31,2.12,98.55,646.0,830.0,3.9
BC,1.43,-1.38,24600.0,35.0,843.0,,1.32,8.18,,0.0,-1.56,-21.1,-91.59,,29.34,,,
BCH,21.4,0.94,4082700.0,87103.0,53366.0,10.17,4.38,0.7,0.40,2.1,30.75,46.15,17.18,5.61,50.01,151.0,145.0,0.1
BCP,34.5,1.47,3564800.0,122361.0,48537.0,3.47,0.77,2.3,1.25,10.15,13.2,20.05,4.0,5.76,64.25,100.0,102.0,-0.02
BCPG,10.0,3.63,6242900.0,62129.0,29077.0,11.31,0.98,0.93,0.20,0.88,6.99,9.35,55.29,3.18,42.4,505.0,471.0,1.7
BCT,55.75,1.36,12700.0,706.0,16650.0,3.96,0.61,0.06,1.65,14.01,17.29,16.53,30.25,2.96,20.87,183.0,91.0,
BDMS,30.0,0.0,12769500.0,382579.0,472787.0,38.98,5.50,0.48,0.30,0.76,12.64,14.55,13.72,1.50,68.25,676.0,614.0,5.3
BE8,59.0,2.61,1756100.0,102472.0,12607.0,113.73,9.97,0.39,0.06,0.52,11.06,16.1,18.86,0.09,34.98,750.0,750.0,2.12
BEAUTY,1.38,0.73,5616800.0,7649.0,4102.0,,5.71,0.24,,0.0,-7.85,-8.54,-21.1,,78.28,,,
BEC,9.55,0.53,1949700.0,18497.0,18900.0,25.08,3.10,0.59,0.25,0.38,10.97,12.55,11.67,2.62,38.35,621.0,558.0,-0.1
BEM,9.3,1.64,22531700.0,208479.0,141386.0,63.44,3.74,2.08,0.08,0.15,4.28,5.89,16.96,0.86,53.67,1020.0,1007.0,-15.41
BEYOND,14.8,-1.33,748800.0,11103.0,4506.0,32.63,0.75,1.17,,0.48,4.65,2.35,-32.03,,50.08,1024.0,874.0,-0.26
BFIT,32.75,0.0,0.0,0.0,18053.0,32.36,1.91,,0.82,1.01,,,,2.67,,,,0.37
BGC,10.1,0.0,265700.0,2677.0,7014.0,13.79,1.57,2.23,0.10,0.73,3.73,11.44,3.99,4.75,27.33,474.0,703.0,0.48
BGRIM,40.0,-1.23,7181900.0,286847.0,102321.0,,3.25,3.87,0.03,0.0,3.42,-1.65,-1.44,1.05,31.33,,,
BGT,1.16,1.75,947300.0,1109.0,433.0,,1.17,1.33,,0.0,1.02,-3.17,-8.38,,44.72,,,
BH,216.0,-0.46,2481000.0,536670.0,172490.0,34.97,8.76,0.23,2.35,6.21,26.83,26.7,23.57,1.62,50.7,527.0,482.0,-2.78
BIG,0.68,1.49,311000.0,208.0,2364.0,40.33,1.43,0.61,,0.02,2.82,3.57,2.79,,30.74,1039.0,1040.0,-0.18
BIOTEC,0.89,-1.11,9471100.0,8533.0,2778.0,13.78,2.28,1.3,,0.07,13.38,34.62,4.71,,31.24,241.0,321.0,2.47
BIS,8.4,0.6,51800.0,433.0,2669.0,44.18,3.57,0.53,0.06,0.19,7.31,7.68,2.63,,29.14,896.0,797.0,1.09
BIZ,4.4,0.0,97500.0,428.0,2631.0,15.43,3.45,0.88,0.43,0.28,12.81,20.94,14.46,10.26,20.34,355.0,373.0,0.09
BJC,37.5,0.0,1628500.0,61249.0,149290.0,31.34,1.27,1.68,0.15,1.19,3.37,4.11,2.79,1.76,25.57,974.0,962.0,13.3
BJCHI,1.71,-1.16,1978000.0,3373.0,2719.0,69.12,0.78,0.23,0.05,0.02,0.98,1.13,9.86,2.92,25.74,1187.0,1206.0,-0.24
BKD,2.9,-8.23,31049200.0,93123.0,3121.0,17.59,2.16,0.29,0.05,0.16,11.13,12.81,11.63,1.72,25.34,513.0,451.0,-0.48
BKI,287.0,0.35,51600.0,14739.0,30557.0,,0.93,1.04,3.50,0.0,-2.96,-5.94,-11.98,5.23,84.43,,,
BLA,31.0,4.2,9657800.0,297454.0,53361.0,16.64,1.29,7.3,0.32,1.88,0.92,7.21,8.01,1.81,44.35,671.0,918.0,2.62
BLAND,1.03,0.0,10753200.0,10988.0,17896.0,14.7,0.41,0.2,0.03,0.07,3.75,2.75,2.55,2.91,71.93,816.0,758.0,-0.43
BLESS,0.94,1.08,206600.0,193.0,752.0,14.75,0.66,0.95,0.05,0.06,1.97,3.06,5.46,,27.97,797.0,825.0,-0.31
BLISS,0.14,0.0,0.0,0.0,0.0,,,0.67,0.25,0.0,-5.6,-11.68,-23.51,,37.19,,,
BM,5.0,-0.99,1858300.0,9250.0,2572.0,43.78,2.97,0.75,0.04,0.11,5.55,7.46,5.69,0.73,42.6,903.0,877.0,3.45
BOL,10.6,2.91,1240900.0,13172.0,8533.0,31.52,9.72,0.37,0.17,0.33,28.03,33.01,38.72,2.78,32.77,487.0,463.0,1.2
BPP,16.8,1.82,1176900.0,19735.0,50897.0,8.09,0.99,0.49,0.40,2.06,11.27,12.91,43.09,3.87,21.24,304.0,240.0,-1.96
BR,2.88,1.41,414100.0,1187.0,2649.0,9.87,0.62,1.48,,0.29,5.35,6.45,3.98,,53.62,568.0,514.0,-0.19
BRI,11.9,4.39,4043100.0,47551.0,10148.0,8.39,2.28,1.34,,1.42,16.69,41.49,25.03,,27.07,110.0,166.0,-1.39
BROCK,1.77,1.14,31400.0,55.0,1814.0,70.32,1.42,0.03,0.01,0.03,3.08,2.03,11.33,0.56,15.86,1153.0,1093.0,0.71
BROOK,0.49,2.08,6988400.0,3442.0,4564.0,,1.58,0.21,0.01,0.0,1.05,-3.78,-45.06,3.62,39.2,,,
BRR,7.6,0.0,2743800.0,20872.0,6131.0,6.52,2.19,2.07,0.07,1.16,13.93,39.92,13.73,0.92,24.65,73.0,153.0,0.02
BSBM,0.94,0.0,81300.0,76.0,1043.0,57.44,0.56,0.01,0.02,0.02,0.12,0.07,0.12,5.32,31.17,1171.0,1168.0,-14.39
BSM,0.35,-2.78,290900.0,102.0,746.0,,1.59,1.93,,0.0,1.01,-3.48,-2.89,,53.5,,,
BTG,31.75,0.0,1220700.0,38867.0,0.0,,-,,-,0.0,,,,-,37.32,,,
BTNC,15.5,5.44,16100.0,246.0,166.0,,0.37,0.22,,0.0,-0.17,-0.32,3.22,,29.43,,,
BTS,8.1,0.0,10590900.0,85792.0,105999.0,36.92,1.72,2.15,0.15,0.22,3.06,4.65,11.56,3.83,59.28,989.0,1006.0,1.06
BTW,0.63,0.0,177600.0,113.0,484.0,,0.47,0.9,,0.0,-0.64,-2.85,0.8,,56.49,,,
BUI,17.3,0.0,100.0,2.0,519.0,,0.69,2.05,1.00,0.43,-0.18,-0.5,2.69,5.78,27.68,,,
BVG,6.75,3.85,152664000.0,1009398.0,0.0,,-,,-,0.0,,,,-,35.0,,,
BWG,1.03,-1.9,38954100.0,40268.0,5050.0,,1.26,0.47,,0.0,1.15,-4.33,-2.79,,94.48,,,
BYD,11.5,-0.86,3837600.0,44291.0,47757.0,,3.96,0.01,,0.0,-1.05,-1.08,-87.88,,61.4,,,
CAZ,4.02,0.0,2379300.0,9563.0,1176.0,5.35,1.52,1.54,0.16,0.75,15.82,31.88,7.27,3.98,29.23,79.0,118.0,0.08
CBG,102.5,-2.38,5975200.0,604207.0,100500.0,43.96,9.78,0.9,0.75,2.29,13.97,21.4,11.75,1.85,28.69,567.0,582.0,1.78
CCET,2.34,0.0,852500.0,2008.0,12712.0,33.95,0.64,4.54,0.02,0.07,1.9,1.96,0.52,1.16,28.01,1052.0,1054.0,-2.14
CCP,0.46,4.55,2576900.0,1150.0,1218.0,233.46,0.92,0.85,0.01,0.0,1.78,0.39,0.99,2.83,48.22,1240.0,1197.0,-3.95
CEN,2.94,0.0,15700.0,46.0,2191.0,,1.15,0.21,0.12,0.0,-7.81,-7.72,-10.56,4.20,55.76,,,
CENTEL,54.25,-1.36,6186100.0,334248.0,73238.0,1391.26,3.97,1.57,,0.04,1.65,0.29,-0.78,,71.96,1253.0,1219.0,-23.22
CEYE,4.9,2.08,1634400.0,7992.0,1339.0,29.04,2.68,0.24,0.15,0.17,8.77,8.23,12.04,,30.12,796.0,664.0,5.8
CFRESH,2.52,0.8,637400.0,1624.0,2355.0,8.2,1.04,0.87,,0.31,8.52,13.39,2.94,,33.05,286.0,327.0,-0.02
CGD,0.48,4.35,50192100.0,23888.0,3968.0,5.25,0.94,3.14,,0.09,10.91,19.2,5.84,,54.03,157.0,204.0,0.08
CGH,0.91,0.0,42431400.0,38962.0,3685.0,33.07,0.63,0.66,,0.03,1.12,1.91,-2.86,,58.38,1049.0,1087.0,8.46
CH,3.98,1.53,4199700.0,16765.0,3168.0,26.62,2.48,0.73,,0.15,9.36,11.57,7.99,,50.01,659.0,622.0,5.13
CHARAN,29.5,-0.84,800.0,24.0,357.0,51.01,0.67,0.91,,0.58,0.76,1.33,6.27,,55.22,1144.0,1179.0,-0.23
CHAYO,9.5,4.4,4691500.0,43950.0,10275.0,48.11,3.57,0.87,,0.2,3.9,8.01,22.7,0.04,60.52,899.0,1000.0,1.23
CHEWA,0.74,0.0,1901800.0,1410.0,944.0,8.17,0.47,2.17,0.02,0.09,3.57,5.93,5.37,2.47,25.82,550.0,587.0,-0.15
CHG,3.94,-0.51,24417300.0,95477.0,42900.0,9.97,5.91,0.41,0.09,0.39,53.29,66.17,29.01,5.08,42.53,136.0,131.0,0.12
CHIC,0.84,1.2,1116400.0,930.0,1129.0,44.22,1.36,1.27,,0.02,3.19,2.39,2.48,,26.11,1087.0,1037.0,9.16
CHO,0.4,2.56,9196100.0,3657.0,1157.0,,1.00,2.18,,0.0,-13.23,-71.06,-103.51,,69.5,,,
CHOTI,175.5,0.29,1500.0,261.0,1316.0,8.61,1.36,1.12,3.18,0.0,9.54,16.93,5.15,1.82,25.8,251.0,309.0,-0.06
CHOW,3.04,-0.65,105700.0,321.0,2480.0,2.43,1.46,1.4,,1.28,18.44,82.81,45.76,,35.55,12.0,67.0,0.02
CI,0.83,0.0,316200.0,262.0,885.0,,0.70,3.84,,0.0,-0.1,-13.23,-16.78,,31.25,,,
CIG,0.49,-2.0,2079500.0,1033.0,424.0,,2.45,4.14,,0.0,-7.51,-52.92,-8.35,,63.25,,,
CIMBT,0.84,0.0,1042100.0,875.0,29251.0,8.25,0.66,11.1,0.01,0.1,0.72,8.17,26.25,1.19,5.17,462.0,745.0,
CITY,2.1,0.0,9300.0,20.0,630.0,,0.47,0.01,,0.0,-0.57,-0.68,-25.17,,26.68,,,
CIVIL,3.02,2.03,1022100.0,3055.0,2086.0,85.23,1.26,3.74,0.02,0.03,0.99,1.89,0.04,0.66,30.19,1167.0,1212.0,0.47
CK,22.5,1.35,5951500.0,133198.0,37774.0,33.95,1.51,2.3,0.15,0.66,3.06,4.34,6.49,1.10,65.49,982.0,993.0,-9.44
CKP,4.36,0.93,4782000.0,20674.0,35607.0,14.32,1.39,0.88,0.08,0.31,5.86,9.93,27.06,1.83,25.53,543.0,572.0,0.08
CM,2.62,0.77,77500.0,201.0,991.0,,0.79,0.34,,0.0,-2.72,-2.95,0.42,,35.76,,,
CMAN,2.28,3.64,1936500.0,4387.0,2170.0,15.63,0.93,1.89,,0.14,4.29,6.15,5.07,,41.41,713.0,710.0,
CMC,1.46,-0.68,76600.0,112.0,1502.0,,0.57,1.22,0.04,0.0,1.71,-1.2,-1.89,2.74,38.21,,,
CMO,4.98,2.47,1970000.0,9797.0,1405.0,,2.82,1.17,,0.0,-2.13,-11.47,-5.88,,44.45,,,
CMR,2.7,0.0,193300.0,522.0,10862.0,18.82,2.20,0.83,0.07,0.14,8.03,13.41,11.52,2.41,15.19,513.0,574.0,6.86
CNT,1.53,0.66,40200.0,61.0,1604.0,,0.86,2.26,,0.0,-1.1,-5.19,-0.28,,27.44,,,
COLOR,1.63,0.0,36600.0,60.0,954.0,18.25,1.17,0.79,0.05,0.09,4.29,6.48,4.98,3.07,41.6,738.0,752.0,0.68
COM7,29.25,-1.68,10439900.0,305477.0,72000.0,23.57,11.28,2.05,1.00,1.27,24.51,56.63,4.82,1.72,50.03,364.0,380.0,0.5
COMAN,5.75,0.0,198100.0,1146.0,771.0,,2.20,0.12,0.09,0.0,-5.05,-11.35,-55.83,1.53,67.88,,,
COTTO,2.0,0.5,3715100.0,7390.0,11925.0,,1.35,0.28,0.04,0.0,-2.4,-2.52,-1.72,2.00,15.1,,,
CPALL,64.25,-3.02,43497700.0,2819100.0,586147.0,34.81,5.94,2.24,0.60,1.87,5.08,17.3,1.62,0.93,57.82,609.0,869.0,-10.69
CPANEL,10.8,6.93,483400.0,5058.0,1696.0,28.0,3.90,0.5,0.02,0.38,11.62,14.93,15.46,0.16,41.01,606.0,569.0,0.19
CPF,22.6,-1.31,23936800.0,543127.0,196336.0,10.11,0.74,2.25,0.40,2.26,4.97,8.08,2.65,2.89,45.67,510.0,545.0,3.24
CPH,30.75,2.5,314000.0,9593.0,1210.0,4.36,1.32,0.83,,6.94,20.23,35.61,13.56,,45.94,55.0,70.0,0.01
CPI,3.06,1.32,789100.0,2409.0,1936.0,5.79,0.82,0.94,0.19,0.53,9.47,14.96,4.83,6.21,55.11,225.0,258.0,-0.02
CPL,2.64,5.6,484400.0,1268.0,1152.0,24.3,1.14,1.42,0.05,0.11,3.54,4.75,1.87,1.89,30.19,893.0,887.0,-0.09
CPN,72.0,0.0,4353900.0,314631.0,323136.0,32.95,4.08,2.1,0.60,2.19,5.38,13.0,28.7,0.83,65.65,676.0,839.0,-17.02
CPR,5.75,3.6,248700.0,1414.0,1144.0,18.28,1.85,0.14,0.11,0.31,11.09,10.49,13.52,1.91,18.53,597.0,461.0,1.06
CPT,0.74,0.0,15800.0,12.0,666.0,,0.75,0.55,,0.0,-4.07,-4.83,-1.49,,45.87,,,
CPW,3.78,0.53,81100.0,308.0,2328.0,23.58,3.18,1.49,0.08,0.16,10.01,13.95,0.95,2.12,29.88,556.0,558.0,0.27
CRANE,1.61,1.9,1049700.0,1680.0,1243.0,,1.53,1.63,,0.0,-8.22,-24.14,-28.03,,58.92,,,
CRC,44.25,0.57,5803400.0,256701.0,268380.0,43.04,4.20,3.06,0.30,1.03,4.29,10.47,2.26,0.68,53.09,803.0,954.0,
CRD,0.79,2.6,26300.0,21.0,390.0,,1.13,2.3,,0.0,-0.03,-4.27,-1.25,,30.97,,,
CSC,48.5,0.0,300.0,15.0,2522.0,10.85,0.66,0.26,1.80,4.97,6.03,6.21,7.12,3.71,38.06,605.0,493.0,-1.18
CSP,1.3,0.0,32800.0,43.0,650.0,,0.82,1.94,0.20,0.0,1.02,-0.22,-2.77,23.08,19.38,,,
CSR,69.0,0.0,200.0,14.0,1415.0,38.67,1.17,0.14,0.75,1.13,3.48,3.19,24.45,1.09,24.99,1038.0,991.0,-3.1
CSS,1.51,-0.66,342800.0,520.0,1799.0,7.18,1.01,0.91,0.04,0.21,9.55,14.46,2.57,8.61,70.77,255.0,273.0,0.27
CTW,5.95,-0.83,12500.0,74.0,2368.0,,0.61,0.61,0.10,0.0,-6.38,-8.9,0.55,1.68,26.18,,,
CV,1.74,1.75,1856300.0,3217.0,2227.0,25.19,1.13,1.09,0.02,0.07,3.98,4.56,2.77,1.35,47.23,904.0,856.0,
CWT,2.64,4.76,2068700.0,5403.0,1638.0,7.0,0.90,0.73,0.05,0.37,9.18,13.43,13.91,2.03,56.47,268.0,290.0,0.22
D,6.7,3.88,1847300.0,12259.0,2098.0,63.83,3.97,1.22,0.03,0.11,4.51,6.66,6.97,,34.74,974.0,987.0,-58.72
DCC,2.38,2.59,9924600.0,23563.0,22084.0,13.53,3.72,0.56,0.01,0.18,22.12,27.75,19.41,5.29,43.73,262.0,240.0,1.86
DCON,0.42,-2.33,4193100.0,1796.0,2316.0,17.16,0.91,0.18,0.01,0.03,5.57,5.45,10.2,2.62,32.0,755.0,640.0,7.03
DDD,17.9,2.29,307000.0,5481.0,5658.0,39.36,1.22,0.12,0.35,0.45,4.11,3.13,3.21,1.96,34.9,1049.0,953.0,-0.25
DELTA,958.0,0.63,834050.0,798530.0,1204971.0,78.53,22.03,0.66,4.00,12.3,19.75,31.94,12.84,0.42,22.35,607.0,611.0,4.56
DEMCO,4.62,0.87,858400.0,4001.0,3418.0,,0.82,0.66,0.03,0.0,-0.14,-1.94,-11.52,0.65,71.75,,,
DHOUSE,0.83,-3.49,337700.0,291.0,739.0,,1.69,0.67,,0.0,-1.5,-3.06,-41.53,,22.38,,,
DIMET,0.47,0.0,836400.0,385.0,1146.0,,2.35,0.14,,0.0,-37.4,-48.32,-56.95,,78.79,,,
DITTO,44.0,4.76,1602200.0,69200.0,23105.0,87.51,18.86,0.28,0.01,0.5,23.13,24.14,20.23,0.02,47.44,650.0,598.0,0.01
DMT,12.2,2.52,645700.0,7785.0,14411.0,20.57,1.48,0.07,0.15,0.59,8.49,7.33,42.3,2.62,25.03,728.0,576.0,
DOD,5.05,0.0,369600.0,1862.0,2071.0,,1.67,0.32,,0.0,4.68,-0.52,-7.92,,61.74,,,
DOHOME,14.0,1.45,4550200.0,63232.0,41276.0,35.63,3.54,1.78,0.02,0.4,5.97,10.43,3.46,0.13,24.75,768.0,811.0,0.06
DPAINT,10.0,2.04,1558000.0,15195.0,2300.0,47.34,3.60,0.56,,0.21,7.9,11.34,5.9,,39.13,784.0,786.0,0.09
DRT,8.2,1.23,225800.0,1857.0,7011.0,11.21,2.94,0.57,0.24,0.73,21.34,27.6,11.92,5.61,37.66,222.0,201.0,1.23
DTAC,52.25,0.0,0.0,0.0,123718.0,39.66,6.57,7.1,1.22,2.16,4.27,16.0,3.87,4.08,29.26,660.0,946.0,-0.35
DTCENT,2.06,0.98,1653500.0,3425.0,0.0,,-,,-,0.0,,,,-,25.0,,,
DTCI,31.75,0.0,0.0,0.0,318.0,60.29,0.82,0.19,0.20,1.49,1.67,1.37,5.53,0.66,26.61,1156.0,1152.0,3.52
DUSIT,12.1,-2.42,380900.0,4651.0,10115.0,,2.49,6.26,,0.0,-2.3,-23.16,-17.49,,26.81,,,
DV8,0.84,1.2,200.0,0.0,586.0,,1.39,0.21,,0.0,-4.87,-6.22,-15.88,,41.63,,,
EA,83.0,-0.9,4474300.0,371776.0,298400.0,40.8,8.15,1.46,0.30,1.96,9.33,21.73,30.38,0.36,39.8,596.0,720.0,2.91
EASON,1.32,0.76,170200.0,223.0,759.0,29.56,0.76,0.21,0.04,0.05,3.24,2.56,10.82,,41.92,1005.0,952.0,0.47
EASTW,5.3,0.95,1107800.0,5886.0,8818.0,10.85,0.78,1.11,0.12,0.49,5.32,7.27,18.6,7.92,41.08,552.0,538.0,-6.04
ECF,1.7,-0.58,1861300.0,3167.0,1641.0,34.86,1.18,1.83,0.02,0.05,5.35,3.5,2.82,0.92,49.74,1008.0,849.0,21.03
ECL,2.0,0.0,495300.0,991.0,2218.0,10.4,1.21,1.48,0.05,0.19,4.47,11.89,30.49,4.00,48.74,388.0,590.0,0.09
EE,0.6,0.0,1677000.0,1006.0,1668.0,,1.00,,,0.0,-3.39,-2.16,-577.58,,51.48,,,
EFORL,0.37,-2.63,14395800.0,5258.0,1439.0,20.84,3.00,2.18,,0.02,5.66,16.3,3.15,,68.56,506.0,705.0,-0.36
EGCO,170.5,-0.29,392300.0,67079.0,89762.0,23.13,0.69,1.09,3.25,7.37,6.42,3.19,6.67,3.81,50.0,917.0,688.0,-30.2
EKH,9.15,0.55,6157300.0,56409.0,6142.0,21.26,3.94,0.13,0.13,0.43,24.15,23.28,24.22,2.43,54.15,428.0,365.0,0.26
EMC,0.16,0.0,4472800.0,685.0,1349.0,,0.73,0.65,,0.0,-8.93,-12.04,-23.04,,43.23,,,
EP,3.76,-1.05,852900.0,3205.0,3544.0,3.48,0.93,1.09,0.25,1.09,17.89,28.79,15.54,6.65,34.16,74.0,81.0,0.06
EPG,8.75,-1.69,4560600.0,40024.0,24360.0,20.96,2.09,0.69,0.11,0.42,7.54,10.04,9.0,3.77,25.85,656.0,622.0,3.52
ERW,4.68,-3.31,60825800.0,281965.0,21298.0,,3.82,2.85,,0.0,-1.33,-11.97,-15.76,,58.79,,,
ESSO,9.1,2.25,10679100.0,96272.0,31148.0,2.63,1.08,2.33,0.50,3.42,18.29,50.3,5.55,,34.01,19.0,69.0,-0.05
ESTAR,0.36,0.0,2365700.0,856.0,1808.0,23.64,0.38,0.32,,0.02,1.73,1.6,3.57,,39.65,974.0,973.0,0.82
ETC,4.22,-1.4,3685900.0,15660.0,9453.0,52.66,3.27,0.33,,0.08,6.22,6.4,25.55,,33.84,973.0,862.0,1.89
ETE,1.17,0.86,104300.0,121.0,650.0,,0.74,1.15,,0.0,1.18,-0.34,-0.15,,43.42,,,
EVER,0.26,0.0,2020400.0,526.0,1262.0,,0.48,1.67,,0.0,-3.14,-19.43,-24.11,,57.93,,,
F&D,33.75,0.75,2200.0,74.0,590.0,38.63,0.49,0.32,,0.87,1.69,1.34,3.62,,23.69,1101.0,1091.0,0.15
FANCY,0.72,7.46,2636900.0,1853.0,437.0,,0.51,0.07,,0.0,-6.05,-6.55,-19.29,,52.49,,,
FE,179.5,0.0,0.0,0.0,1413.0,32.74,1.04,0.14,5.50,8.65,3.26,3.18,0.73,3.06,22.03,1011.0,975.0,-3.28
FLOYD,1.58,1.94,451300.0,713.0,572.0,71.65,1.35,0.26,,0.02,1.78,1.9,5.13,,27.13,1161.0,1163.0,-37.13
FMT,32.0,0.0,0.0,0.0,1536.0,11.88,0.91,0.95,2.63,0.98,5.5,7.68,1.31,8.40,25.26,573.0,556.0,0.22
FN,2.0,1.01,400.0,1.0,2000.0,,1.52,0.21,,0.0,-4.48,-5.2,-13.97,0.19,25.36,,,
FNS,3.58,0.0,54800.0,196.0,1252.0,71.4,0.49,0.36,0.50,0.05,0.45,0.67,64.77,13.97,54.79,1199.0,1233.0,-0.46
FORTH,43.5,3.57,3679500.0,158968.0,42000.0,50.86,21.24,2.47,0.15,0.86,14.67,46.87,8.61,1.03,34.01,533.0,615.0,1.97
FPI,2.98,0.68,3943100.0,11698.0,4418.0,9.51,2.16,0.8,0.08,0.31,17.65,25.02,16.49,3.92,21.04,196.0,190.0,0.03
FPT,14.9,-0.67,5500.0,82.0,34789.0,17.14,0.96,1.72,0.43,0.87,3.74,5.7,8.5,2.89,17.14,755.0,770.0,0.18
FSMART,12.6,3.28,11902500.0,149369.0,9750.0,28.68,8.74,1.64,0.20,0.44,14.87,30.97,13.04,3.65,36.45,472.0,517.0,60.23
FSS,3.62,1.12,848800.0,3066.0,2209.0,10.32,0.79,1.37,0.10,0.37,3.25,7.92,8.41,2.76,33.23,508.0,650.0,0.11
FTE,1.48,0.68,161800.0,237.0,977.0,20.63,1.23,0.53,0.03,0.07,5.72,6.18,5.44,0.34,35.17,783.0,685.0,-0.95
FTI,2.18,0.93,395800.0,859.0,972.0,25.55,1.39,0.23,,0.08,5.16,5.28,5.21,,27.66,884.0,792.0,2.1
FVC,1.26,1.61,734300.0,921.0,712.0,16.94,2.03,0.84,,0.07,8.4,12.75,4.3,,65.4,504.0,527.0,0.02
GBX,1.02,0.99,1871800.0,1895.0,1122.0,14.97,0.76,0.6,0.11,0.07,3.2,4.98,8.21,10.78,46.99,743.0,767.0,0.09
GC,5.4,0.0,156000.0,848.0,2398.0,14.67,4.16,2.19,0.15,0.37,11.86,29.04,2.95,6.48,34.42,278.0,368.0,0.87
GCAP,1.33,0.0,1918500.0,2561.0,500.0,,0.98,2.06,0.10,0.0,-1.48,-5.36,-4.01,6.04,73.39,,,
GEL,0.3,0.0,4839400.0,1452.0,2112.0,,0.52,0.78,,0.0,-1.15,-3.34,-4.97,,82.5,,,
GENCO,0.74,-1.33,471200.0,352.0,842.0,,0.63,0.16,,0.0,-0.6,-1.16,-7.37,,72.82,,,
GFPT,12.5,3.31,1361800.0,16825.0,15673.0,9.52,0.98,0.44,0.10,1.31,8.5,10.79,11.75,0.80,57.91,409.0,368.0,-0.53
GGC,13.0,0.0,258600.0,3369.0,13410.0,14.07,1.30,0.32,0.25,0.93,8.39,9.39,3.79,3.85,16.5,552.0,470.0,-3.39
GIFT,7.85,0.64,646000.0,5064.0,2514.0,,5.03,0.03,,0.0,-3.35,-3.49,-5.4,2.31,31.77,,,
GJS,0.35,0.0,2301300.0,806.0,9175.0,5.56,0.55,0.05,,0.06,10.1,10.49,4.88,,34.82,336.0,234.0,
GL,0.65,0.0,0.0,0.0,0.0,28.64,1.05,1.77,0.274,0.0,-10.76,-30.67,-61.04,6.09,44.15,,,0.05
GLAND,2.16,1.89,54200.0,116.0,14430.0,26.64,0.97,0.85,,0.08,3.02,3.69,37.04,,5.09,932.0,930.0,2.03
GLOBAL,19.0,0.0,11641500.0,221134.0,93634.0,26.85,4.30,0.77,0.25,0.73,11.54,16.87,9.69,1.34,31.95,554.0,546.0,1.3
GLOCON,0.61,1.67,4353600.0,2613.0,1846.0,,1.18,0.71,,0.0,-8.25,-11.95,0.27,,72.61,,,
GLORY,4.3,11.98,43555400.0,188868.0,1172.0,40.45,3.65,0.11,0.06,0.11,10.88,9.39,20.97,1.40,27.02,826.0,663.0,-0.33
GPI,1.73,0.58,753400.0,1294.0,1044.0,28.57,1.36,0.12,0.05,0.06,6.02,4.74,14.68,3.47,43.35,933.0,763.0,-1.09
GPSC,70.25,-1.06,4173500.0,294311.0,197381.0,221.42,1.88,1.51,0.30,0.32,1.92,0.84,0.71,0.71,24.75,1228.0,1189.0,8.77
GRAMMY,10.3,0.0,3700.0,38.0,8445.0,450.75,6.60,2.94,,0.02,0.01,1.5,-2.32,,15.07,1214.0,1286.0,1.55
GRAND,0.24,0.0,3505900.0,836.0,2242.0,,0.57,3.63,,0.0,-5.84,-50.6,-64.03,,49.14,,,
GREEN,1.11,-0.89,104600.0,118.0,908.0,,1.18,0.41,,0.0,-1.91,-4.23,-26.18,,46.98,,,
GSC,1.94,3.74,295100.0,568.0,500.0,48.32,2.22,0.17,,0.04,2.45,4.72,18.51,,43.18,1028.0,1081.0,-0.54
GSTEEL,0.09,0.0,0.0,0.0,0.0,,,1.38,0.02,0.0,-9.95,-4.02,-4.49,,30.71,,,
GTB,0.75,1.35,190200.0,144.0,720.0,19.0,1.06,0.52,,0.04,4.6,5.7,3.91,,24.85,786.0,745.0,0.01
GULF,54.0,-0.46,7965100.0,431020.0,633590.0,55.49,5.72,2.08,0.60,0.97,5.92,11.01,12.01,1.11,26.23,814.0,885.0,1.92
GUNKUL,4.26,0.95,75643600.0,322679.0,38195.0,11.48,2.61,1.29,0.06,0.37,12.07,24.22,47.3,4.23,45.71,250.0,309.0,0.27
GYT,185.5,0.0,0.0,0.0,1373.0,,0.39,1.41,,0.0,0.34,-0.07,-0.65,,25.27,,,
HANA,58.0,1.31,2850800.0,165062.0,46683.0,48.12,1.96,0.27,0.50,1.21,3.6,4.07,5.04,3.45,57.77,1048.0,1019.0,-13.45
HARN,2.28,0.0,21900.0,49.0,1321.0,15.06,1.00,0.3,0.10,0.15,6.7,6.69,7.22,4.39,36.91,675.0,555.0,0.44
HEMP,3.8,1.06,133000.0,502.0,1446.0,,1.04,0.05,,0.0,-7.5,-4.84,-15.84,,36.73,,,
HENG,3.16,3.27,26303600.0,83240.0,11811.0,25.61,2.35,1.26,0.01,0.12,3.85,9.4,16.75,0.32,30.09,777.0,926.0,-0.03
HFT,6.55,0.77,61900.0,405.0,4313.0,8.83,1.18,0.16,0.43,0.74,14.2,13.79,14.33,6.49,45.73,301.0,197.0,0.93
HL,24.9,-0.4,439700.0,10946.0,6746.0,63.43,7.45,0.33,0.16,0.39,16.54,19.94,7.37,0.64,25.85,667.0,627.0,24.31
HMPRO,14.8,0.68,13193400.0,193952.0,195953.0,30.91,8.66,1.76,0.17,0.48,13.88,29.05,8.96,2.16,40.86,493.0,544.0,4.75
HPT,0.92,1.1,8727800.0,8062.0,636.0,16.09,2.00,0.15,0.02,0.06,13.65,12.77,12.65,3.06,36.07,474.0,355.0,-0.21
HTC,30.75,0.82,103500.0,3181.0,6230.0,15.27,1.71,0.53,0.55,2.03,8.96,11.39,6.22,5.82,30.69,509.0,479.0,0.72
HTECH,4.14,0.0,299600.0,1214.0,1242.0,9.24,0.96,0.26,0.10,0.45,10.55,10.87,10.91,4.59,77.54,396.0,295.0,0.43
HUMAN,11.8,0.85,565700.0,6664.0,10236.0,69.11,3.03,0.16,0.06,0.17,6.12,6.27,14.34,1.06,60.42,1010.0,897.0,4.32
HYDRO,0.86,-1.15,69200.0,58.0,268.0,,2.39,2.81,,0.0,-13.24,-129.44,-45.42,,60.27,,,
ICC,35.5,0.0,900.0,31.0,10317.0,25.81,0.37,0.2,0.35,0.0,1.43,1.45,3.55,0.99,27.99,1005.0,1011.0,-0.28
ICHI,12.5,1.63,3194600.0,39694.0,15860.0,27.28,2.65,0.19,0.50,0.45,10.49,9.65,9.46,4.00,52.51,744.0,601.0,0.18
ICN,4.02,3.08,3213300.0,12956.0,2484.0,24.17,3.05,0.61,0.10,0.17,8.7,13.75,8.79,5.43,71.32,578.0,619.0,0.98
IFEC,0.35,0.0,0.0,0.0,0.0,,,-2.0,0.12,0.0,-5.14,9.43,-207.39,,88.18,,,
IFS,3.0,2.04,905700.0,2708.0,1471.0,9.38,0.89,1.22,0.16,0.32,4.17,9.26,37.29,5.27,26.81,421.0,551.0,1.42
IHL,3.32,0.0,205300.0,683.0,1980.0,14.83,1.20,1.29,0.10,0.23,5.6,8.24,6.54,6.02,44.46,603.0,598.0,-0.13
IIG,33.25,-4.32,1492000.0,50133.0,3615.0,39.27,3.95,0.83,0.40,0.85,13.07,16.56,9.77,1.11,42.43,645.0,603.0,-3.85
III,14.9,-1.32,6252700.0,93025.0,11154.0,23.13,3.94,0.59,0.15,0.65,18.95,27.4,16.4,2.25,50.01,413.0,407.0,0.58
ILINK,7.65,3.38,789800.0,5947.0,4104.0,10.82,1.16,1.36,0.38,0.7,7.04,11.27,5.38,4.97,49.73,426.0,455.0,0.07
ILM,18.1,0.56,685100.0,12319.0,9191.0,14.67,1.68,1.21,0.20,1.24,7.77,11.76,7.27,3.04,24.68,476.0,508.0,-0.18
IMH,12.4,-2.36,786900.0,9735.0,2688.0,7.45,3.05,0.31,0.90,1.68,42.04,45.3,37.03,7.26,30.94,82.0,68.0,-0.01
IND,1.86,3.33,1108700.0,2034.0,648.0,11.9,1.64,0.85,,0.16,10.62,14.78,5.19,,48.71,370.0,365.0,-0.1
INET,5.4,2.86,486300.0,2618.0,2675.0,20.73,1.20,3.8,0.04,0.26,6.59,5.94,6.18,0.78,50.87,798.0,651.0,0.34
INGRS,0.55,-1.79,2434700.0,1342.0,810.0,,0.68,2.77,,0.0,-3.33,-21.33,-4.85,,39.43,,,
INOX,0.99,1.02,1692800.0,1666.0,7718.0,37.45,0.84,0.26,0.02,0.03,2.16,2.17,0.88,2.45,15.31,1062.0,1056.0,-0.04
INSET,3.8,4.97,11923000.0,44397.0,2821.0,26.73,2.34,0.2,0.05,0.14,9.94,9.71,8.02,2.34,55.54,729.0,608.0,8.12
INSURE,220.0,0.0,0.0,0.0,2200.0,2.91,2.32,9.95,,0.0,13.66,137.26,35.59,,24.92,10.0,121.0,-0.05
INTUCH,75.5,0.0,3543700.0,266908.0,242105.0,22.99,6.66,0.21,1.56,3.28,21.44,27.36,17253.22,6.25,36.27,419.0,395.0,-3.4
IP,13.9,0.72,757400.0,10585.0,5178.0,40.75,2.73,0.49,,0.34,8.1,9.69,8.37,,52.29,820.0,758.0,11.7
IRC,13.9,0.0,8700.0,121.0,2780.0,27.12,0.69,0.35,0.29,1.12,2.05,2.54,1.07,2.09,23.56,984.0,993.0,0.52
IRCP,1.06,0.95,6214000.0,6634.0,646.0,53.33,1.14,0.89,,0.02,5.17,2.91,1.99,,83.94,1093.0,926.0,0.16
IRPC,3.08,0.0,40847400.0,125476.0,62121.0,,0.78,1.49,0.03,0.0,-1.87,-5.23,-1.34,2.27,51.94,,,
IT,5.4,2.86,413000.0,2136.0,1979.0,15.68,1.74,2.5,0.30,0.34,5.1,11.16,0.88,5.56,41.01,527.0,660.0,-0.12
ITC,31.0,-1.59,6286200.0,194185.0,94500.0,21.14,4.18,0.14,0.20,1.49,22.55,33.19,19.63,0.65,21.18,368.0,364.0,
ITD,1.9,0.53,4851200.0,9220.0,10085.0,,1.00,7.99,,0.0,0.9,-22.05,-6.5,,77.07,,,
ITEL,3.8,2.15,2471500.0,9346.0,5267.0,19.59,1.50,1.7,,0.2,6.09,8.75,7.87,,49.52,673.0,654.0,0.62
ITNS,4.7,2.62,799300.0,3742.0,0.0,,-,,-,0.0,,,,-,36.0,,,
IVL,38.75,0.0,9010300.0,349955.0,218968.0,4.57,1.03,2.33,0.40,8.54,11.48,26.07,8.17,2.58,35.07,93.0,179.0,0.02
J,3.72,3.91,2689500.0,9834.0,4174.0,20.63,1.52,0.71,0.03,0.18,7.85,9.0,36.26,0.81,32.18,686.0,612.0,-0.72
JAK,1.47,0.0,31200.0,46.0,470.0,,1.11,0.88,,0.0,0.6,-0.19,-2.08,,27.4,,,
JAS,2.32,0.87,11045700.0,25596.0,19935.0,,5.52,17.67,,0.0,3.67,-25.98,-5.39,,45.54,,,
JCK,0.36,5.88,16714200.0,5900.0,1195.0,,0.51,2.67,,0.0,2.09,-14.07,-28.04,,59.28,,,
JCKH,0.12,0.0,8599900.0,1030.0,320.0,,1.71,11.12,,0.0,-21.41,-243.92,-34.94,,67.67,,,
JCT,81.0,3.18,600.0,48.0,1090.0,13.96,0.86,0.16,3.50,5.79,6.72,6.31,11.48,4.32,23.98,666.0,526.0,-8.58
JDF,2.9,0.69,666900.0,1935.0,1752.0,61.59,2.63,0.35,,0.05,2.77,1.94,2.24,,25.0,1137.0,1090.0,11.01
JKN,3.14,-0.63,7957100.0,25370.0,2344.0,14.7,0.68,1.88,,0.21,6.3,5.28,10.85,,39.65,720.0,558.0,4.38
JMART,29.25,7.34,59441700.0,1724887.0,42262.0,23.55,2.18,0.8,0.66,1.23,7.4,9.91,12.18,3.76,39.53,692.0,658.0,-0.66
JMT,47.5,3.83,35579100.0,1667561.0,69310.0,39.7,3.01,0.47,0.59,1.15,5.43,8.3,39.06,2.36,45.93,859.0,872.0,1.07
JP,4.22,-0.47,9191.0,3925.0,1920.0,,2.05,,0.01,0.0,,,,0.31,,,,
JR,6.75,0.0,94100.0,634.0,5130.0,29.63,3.10,0.55,0.14,0.23,6.47,10.67,8.83,2.07,42.56,729.0,757.0,1.0
JSP,3.82,1.6,3570700.0,13631.0,1775.0,,1.90,0.28,0.01,0.0,-2.35,-4.29,-9.66,0.35,31.45,,,
JTS,40.75,3.82,1497600.0,60918.0,30201.0,146.52,37.17,2.59,,0.29,15.95,29.05,7.97,,27.86,640.0,669.0,0.81
JUBILE,27.5,0.0,58800.0,1602.0,4749.0,13.82,3.31,0.72,0.38,1.97,23.17,25.84,17.97,1.89,45.0,282.0,242.0,1.58
JWD,19.7,-1.01,29636.0,58841.0,20094.0,35.39,5.31,,0.78,0.56,,,,1.26,,,,-0.03
K,1.47,0.0,98200.0,143.0,695.0,,2.16,2.26,,0.0,-3.04,-14.24,-3.43,,49.61,,,
KAMART,7.8,-2.5,7465500.0,58773.0,6996.0,26.17,5.80,0.61,0.07,0.3,18.74,22.89,15.33,2.31,72.49,480.0,445.0,1.64
KASET,1.57,0.0,428000.0,673.0,442.0,,1.39,1.67,,0.0,-7.92,-20.17,-11.09,,32.16,,,
KBANK,139.0,0.72,24619100.0,3420893.0,326967.0,7.69,0.65,6.59,0.50,17.94,1.06,8.81,26.3,2.34,79.86,430.0,709.0,11.55
KBS,5.0,-2.91,395000.0,1991.0,3060.0,6.4,1.02,3.22,,0.8,7.11,16.78,9.16,,37.52,203.0,343.0,-0.04
KC,0.19,0.0,1793200.0,325.0,614.0,,1.70,1.6,,0.0,-3.12,-20.51,-20.51,,53.0,,,
KCAR,8.45,0.6,76400.0,642.0,2138.0,9.64,0.94,1.41,0.19,0.89,4.09,9.95,7.97,5.09,20.89,442.0,589.0,-1.44
KCC,6.35,-6.62,7880700.0,50518.0,3999.0,51.14,3.69,0.59,0.04,0.13,5.42,8.63,45.82,,25.19,882.0,903.0,-6.43
KCE,47.25,2.72,9775600.0,459393.0,55848.0,24.1,4.17,0.56,1.00,1.96,11.93,17.31,12.33,3.38,59.04,519.0,514.0,2.66
KCM,0.64,-3.03,261600.0,169.0,449.0,,1.02,0.45,,0.0,-0.36,-1.37,-0.04,,36.95,,,
KDH,95.25,0.53,18200.0,1728.0,1851.0,22.84,3.02,0.31,0.75,4.18,14.27,14.46,7.51,0.79,35.94,545.0,448.0,-0.12
KEX,15.7,1.29,1080200.0,16829.0,27358.0,,3.72,0.86,,0.0,-29.24,-43.54,-16.51,,30.3,,,
KGEN,1.55,5.44,2302900.0,3481.0,1698.0,,2.56,0.19,,0.0,-9.21,-9.83,-25.0,,28.55,,,
KGI,5.1,0.99,961200.0,4881.0,10158.0,8.11,1.37,1.23,0.55,0.63,5.57,17.15,29.41,10.78,65.02,228.0,447.0,0.22
KIAT,0.49,2.08,406200.0,195.0,1483.0,14.35,1.30,0.12,0.01,0.03,10.63,9.27,11.84,4.08,48.51,569.0,408.0,0.05
KISS,9.7,3.74,2209800.0,21189.0,5790.0,55.48,6.23,0.21,0.06,0.17,11.13,11.36,14.07,1.60,34.22,803.0,699.0,0.79
KJL,16.6,0.0,249900.0,4124.0,0.0,,-,,-,0.0,,,,-,25.58,,,
KK,2.54,1.6,800.0,2.0,623.0,53.29,3.53,1.24,0.02,0.05,4.64,6.76,0.96,0.75,27.96,953.0,960.0,-2.57
KKC,0.36,0.0,105500.0,37.0,555.0,,,-70.43,,0.0,-9.08,-253.36,-11.73,,44.01,,,
KKP,67.5,1.5,4117500.0,277019.0,56521.0,6.89,1.06,8.82,1.75,9.68,1.75,15.99,31.83,4.37,92.73,231.0,661.0,2.08
KLINIQ,35.0,0.72,1277400.0,44922.0,0.0,,-,,-,0.0,,,,-,31.49,,,
KOOL,0.56,1.82,1500000.0,827.0,1360.0,52.67,0.98,0.14,,0.01,3.02,2.99,6.98,,68.78,1094.0,1065.0,2.69
KSL,3.6,-1.1,2101000.0,7623.0,15965.0,12.09,0.76,0.95,0.07,0.3,5.17,6.53,7.93,3.61,27.02,621.0,584.0,-0.06
KTB,17.2,2.99,48945900.0,835913.0,240388.0,7.88,0.66,8.78,0.42,1.2,0.94,8.53,28.2,2.50,44.93,442.0,726.0,-2.7
KTC,58.5,0.86,3641200.0,212734.0,150188.0,21.22,4.79,2.22,1.15,2.75,7.38,24.33,30.55,1.97,40.65,418.0,629.0,1.04
KTIS,3.72,1.64,31900.0,118.0,14128.0,,2.41,1.62,,0.0,-3.43,-9.7,-5.07,,20.81,,,
KTMS,4.04,1.0,768300.0,3077.0,0.0,,-,,-,0.0,,,,-,25.15,,,
KUMWEL,2.14,1.9,136100.0,288.0,920.0,16.31,1.75,0.55,0.06,0.11,10.13,11.05,8.73,2.86,33.49,541.0,460.0,0.53
KUN,2.2,0.92,441200.0,966.0,1510.0,11.02,2.29,2.0,0.05,0.14,10.44,22.33,12.41,5.96,42.59,252.0,345.0,0.15
KWC,248.0,0.0,300.0,74.0,1506.0,16.59,1.98,0.17,10.00,15.13,12.98,12.19,28.76,4.03,66.14,502.0,385.0,2.66
KWI,2.52,3.28,1075600.0,2698.0,5111.0,,1.95,3.35,,0.0,-0.47,-6.31,-4.79,,8.54,,,
KWM,2.36,2.61,4884700.0,11371.0,1103.0,26.26,2.27,0.44,0.10,0.09,7.92,9.5,7.29,4.04,41.48,731.0,671.0,0.57
KYE,303.0,-0.66,400.0,121.0,6019.0,92.5,0.77,0.2,8.55,3.29,0.17,0.82,1.84,2.82,29.49,1207.0,1255.0,1.76
L&E,2.02,1.51,96700.0,194.0,994.0,14.8,0.86,2.06,0.09,0.14,3.49,5.85,1.36,4.27,36.1,708.0,746.0,14.65
LALIN,9.25,0.54,100000.0,924.0,8556.0,6.37,0.99,0.55,0.31,1.45,12.83,16.25,20.44,6.85,29.28,214.0,170.0,0.27
LANNA,15.5,1.97,535400.0,8233.0,8137.0,2.86,1.11,0.54,1.45,0.56,54.56,43.84,12.86,10.53,37.31,31.0,10.0,0.03
LDC,1.15,-0.86,12819300.0,14837.0,696.0,27.54,2.97,1.07,,0.04,7.01,11.55,6.25,,25.18,668.0,710.0,-1.48
LEE,2.42,0.0,16700.0,40.0,2232.0,30.06,0.84,0.13,0.13,0.08,2.56,2.81,0.79,5.37,46.65,1007.0,989.0,334.0
LEO,11.6,1.75,999100.0,11579.0,3744.0,9.85,3.99,0.93,0.20,1.19,29.98,46.21,7.41,2.19,50.81,138.0,136.0,0.12
LH,9.8,0.51,15935100.0,156018.0,117107.0,14.05,2.36,1.46,0.25,0.7,9.04,17.08,23.94,5.10,64.76,371.0,448.0,-4.87
LHFG,1.15,-1.71,3314300.0,3836.0,24361.0,28.3,0.68,6.7,0.01,0.04,0.33,2.32,20.67,3.46,17.53,1000.0,1093.0,-2.46
LHK,4.94,-0.8,190600.0,944.0,1892.0,14.4,1.42,0.33,0.19,0.34,10.98,9.44,3.81,13.16,33.25,554.0,392.0,1.06
LIT,1.72,-1.15,353700.0,609.0,762.0,,0.67,0.77,,0.0,-6.69,-14.44,-48.43,,62.3,,,
LOXLEY,2.14,0.0,316600.0,678.0,4847.0,54.75,0.84,1.49,0.07,0.04,2.45,1.54,2.2,3.27,68.18,1141.0,1098.0,-0.79
LPH,5.65,0.0,48600.0,275.0,4068.0,12.19,2.22,0.4,0.05,0.46,14.92,18.81,15.13,5.31,51.12,315.0,278.0,0.26
LPN,4.32,1.41,2160900.0,9326.0,6282.0,10.26,0.53,0.93,0.12,0.42,4.05,5.25,6.83,5.09,86.89,634.0,608.0,-0.39
LRH,34.5,1.47,9600.0,333.0,5834.0,,0.61,1.3,,0.0,-0.57,-4.38,-5.19,,12.16,,,
LST,5.0,-2.91,1647000.0,8285.0,4100.0,9.31,0.94,0.5,0.25,0.54,10.26,10.33,3.1,4.85,30.4,418.0,304.0,0.68
M,55.0,1.38,955700.0,52222.0,50648.0,33.39,3.86,0.43,0.50,1.65,9.96,11.71,9.54,1.47,36.19,707.0,659.0,-1.31
M-CHAI,366.0,0.0,2700.0,986.0,5760.0,10.92,2.61,2.7,7.00,32.97,6.67,26.89,8.47,1.91,40.21,220.0,472.0,0.17
MACO,0.59,5.36,9167900.0,5256.0,4790.0,271.46,1.26,0.52,,0.0,-1.05,-1.17,5.62,,38.28,,,-9.41
MAJOR,18.2,1.11,1163200.0,20951.0,16283.0,58.93,2.50,1.12,0.60,0.31,3.22,3.81,3.65,8.89,57.78,1075.0,1067.0,-0.54
MAKRO,40.25,0.63,4694600.0,188266.0,423213.0,29.56,1.47,0.85,0.18,1.35,7.54,9.23,1.51,1.25,15.04,775.0,718.0,1.15
MALEE,6.1,1.67,123500.0,742.0,3356.0,,2.85,4.8,,0.0,-0.11,-13.56,-1.51,,49.05,,,
MANRIN,31.0,0.0,1000.0,34.0,834.0,,2.43,0.93,,0.0,-7.28,-18.3,-48.6,,38.74,,,
MASTER,80.25,0.0,482400.0,38710.0,0.0,,-,,-,0.0,,,,-,31.8,,,
MATCH,1.95,1.04,200200.0,400.0,1524.0,,1.20,0.21,,0.0,-1.8,-3.02,-17.32,,12.27,,,
MATI,7.95,0.0,5000.0,40.0,1474.0,19.35,0.97,0.28,0.45,0.41,4.9,5.01,11.2,5.66,28.28,820.0,734.0,-1.36
MAX,0.01,0.0,0.0,0.0,0.0,,,0.21,5.5,0.0,-2.29,-3.64,-114.42,,42.6,,,
MBAX,5.45,1.87,930500.0,5025.0,1036.0,8.45,1.75,1.43,0.38,0.64,13.56,29.93,8.58,9.17,55.83,144.0,205.0,0.23
MBK,18.1,0.56,3697400.0,66250.0,34342.0,,1.57,1.53,0.40,0.0,2.05,-1.6,1.29,,46.23,,,
MC,11.9,0.0,1703500.0,20262.0,9425.0,15.89,2.47,0.4,0.45,0.75,13.92,15.62,15.06,5.04,43.17,435.0,361.0,-1.97
MCOT,4.66,-0.43,20500.0,95.0,3202.0,,0.48,0.51,,0.0,0.38,-0.09,-6.88,,22.72,,,
MCS,9.95,1.02,859900.0,8547.0,4746.0,9.95,1.21,0.48,0.50,1.0,9.01,11.34,4.3,12.89,97.96,398.0,361.0,0.66
MDX,4.48,0.9,14900.0,66.0,2188.0,15.42,0.49,0.06,,0.3,3.82,3.96,36.25,,71.64,775.0,728.0,0.13
MEB,45.0,7.78,3132400.0,135843.0,0.0,,-,,-,0.0,,,,-,25.0,,,
MEGA,48.0,1.05,1616000.0,77326.0,41850.0,17.9,4.91,0.65,0.75,2.68,20.29,29.23,15.52,2.91,39.54,342.0,336.0,0.85
MENA,1.91,0.53,1021600.0,1939.0,1402.0,31.86,1.69,0.4,0.03,0.06,5.44,5.36,6.1,1.58,41.21,936.0,828.0,
META,0.33,0.0,5528900.0,1821.0,708.0,,0.31,1.88,,0.0,-0.54,-2.77,-46.72,,75.5,,,
METCO,258.0,-0.39,4500.0,1159.0,5392.0,8.91,0.83,0.53,18.00,28.96,10.06,11.38,3.77,6.98,28.61,369.0,303.0,-0.24
MFC,24.3,-0.41,13300.0,322.0,3040.0,12.86,2.56,0.27,2.15,1.88,15.2,19.6,21.47,8.85,28.58,319.0,288.0,0.7
MFEC,7.85,1.29,108800.0,854.0,3465.0,14.17,1.76,1.81,0.40,0.55,6.11,12.66,3.54,5.16,44.66,451.0,559.0,-0.15
MGT,3.36,-4.0,1103200.0,3682.0,1344.0,13.84,2.43,0.31,0.03,0.24,16.14,18.15,8.61,4.29,22.8,346.0,292.0,0.5
MICRO,4.28,3.38,576500.0,2438.0,4002.0,32.24,2.04,1.44,0.08,0.13,2.63,6.4,12.54,1.86,35.53,893.0,1000.0,1.06
MIDA,0.45,0.0,300300.0,137.0,1152.0,,0.34,1.34,,0.0,1.11,-5.75,-10.97,,55.11,,,
MILL,0.78,2.63,5328300.0,4106.0,4333.0,20.14,0.63,1.88,0.01,0.04,3.79,3.29,1.28,1.07,36.71,875.0,810.0,-0.59
MINT,33.25,-0.75,8827100.0,292553.0,174075.0,212.71,2.41,5.71,,0.16,2.44,1.3,2.69,,61.28,1217.0,1163.0,-4.13
MITSIB,1.16,0.87,171200.0,200.0,870.0,22.04,1.17,1.15,0.02,0.05,2.55,5.44,6.44,1.30,70.59,834.0,904.0,-0.7
MJD,1.59,1.27,24200.0,38.0,1368.0,,0.27,2.15,,0.0,0.37,-8.32,-15.66,,46.15,,,
MK,2.76,0.0,55600.0,153.0,3012.0,,0.47,2.19,,0.0,,,,,41.42,,,
ML,1.11,0.91,104700.0,117.0,1193.0,13.12,0.56,0.91,,0.09,2.23,4.38,20.9,,49.75,723.0,780.0,-5.17
MODERN,3.18,-2.45,542500.0,1731.0,2400.0,62.45,1.06,0.48,0.07,0.05,1.97,1.69,0.81,3.77,81.82,1149.0,1135.0,-6.87
MONO,1.73,4.85,18979700.0,32050.0,6005.0,44.68,4.12,2.09,,0.04,,,,,38.27,,,-0.51
MOONG,2.34,1.74,301200.0,700.0,790.0,17.98,0.74,0.27,0.21,0.13,3.54,4.16,3.71,4.57,31.47,821.0,800.0,2.12
MORE,0.35,0.0,7654300.0,2706.0,2512.0,2.35,1.17,0.21,,0.15,94.86,121.93,18.35,,42.72,7.0,4.0,
MOSHI,44.25,0.57,364700.0,16140.0,0.0,,-,,-,0.0,,,,-,25.0,,,
MPIC,2.16,0.93,3444400.0,7587.0,2782.0,88.81,6.11,0.3,,0.02,5.01,7.15,8.59,,7.54,976.0,983.0,-0.64
MSC,9.65,3.21,79600.0,766.0,3474.0,12.22,1.69,1.11,0.38,0.79,,,,4.06,30.92,,,2.96
MST,11.8,2.61,154300.0,1811.0,6736.0,10.87,1.39,3.15,0.33,1.09,,,,8.35,16.5,,,-2.43
MTC,35.0,2.94,9517200.0,332001.0,74200.0,14.66,2.65,3.4,0.37,2.39,4.71,19.56,27.4,1.09,32.1,352.0,657.0,0.48
MTI,123.5,-0.4,3600.0,445.0,7287.0,8.67,1.24,4.28,5.20,14.24,2.79,14.41,8.37,4.19,45.35,292.0,643.0,1.2
MTW,6.15,0.0,4227000.0,25370.0,0.0,,-,0.93,-,0.0,,,,-,25.82,,,
MUD,2.56,0.79,41400.0,103.0,2697.0,,1.25,1.39,,0.0,1.78,-0.08,-0.43,,17.75,,,
MVP,2.84,2.9,444100.0,1263.0,880.0,,2.07,0.48,,0.0,,,,,47.16,,,
NATION,0.11,10.0,798700.0,86.0,1220.0,2.77,1.00,1.31,,0.04,42.58,210.8,56.84,,50.83,10.0,16.0,-0.02
NBC,2.02,2.54,9026.0,1794.0,2271.0,,3.42,,,0.0,,,,,,,,
NC,14.5,29.46,98700.0,1376.0,217.0,39.01,0.51,0.93,,0.37,0.19,1.33,0.39,,30.3,1104.0,1165.0,-0.33
NCAP,4.7,4.91,17703000.0,82215.0,6318.0,34.62,1.52,1.05,,0.14,2.71,6.03,6.6,,36.9,923.0,1013.0,0.61
NCH,1.58,0.64,1133200.0,1784.0,1992.0,5.58,0.65,0.63,0.08,0.29,10.12,12.15,14.24,5.06,38.03,278.0,236.0,0.03
NCL,2.86,0.7,4013000.0,11388.0,1511.0,47.64,2.25,0.95,,0.06,5.16,6.26,0.04,,78.01,967.0,916.0,-0.31
NDR,2.3,0.88,391100.0,899.0,798.0,89.46,0.89,0.29,0.03,0.03,0.92,1.01,-0.78,1.32,29.86,1200.0,1220.0,-0.88
NEP,0.27,0.0,24000.0,6.0,605.0,,0.96,0.12,,0.0,-8.25,-9.6,-15.83,,33.42,,,
NER,6.05,3.42,15221300.0,90801.0,11179.0,5.64,1.80,1.72,0.07,1.07,15.85,36.57,7.63,6.93,59.19,67.0,122.0,0.07
NETBAY,27.25,0.93,483600.0,13171.0,5450.0,35.23,12.67,0.38,0.79,0.77,33.24,35.93,35.82,2.94,49.0,494.0,472.0,2.46
NEW,78.0,3.31,100.0,8.0,780.0,8.51,1.74,0.48,0.35,9.16,20.52,22.6,20.82,0.46,18.01,186.0,137.0,0.1
NEWS,0.04,0.0,22474300.0,841.0,4226.0,,4.00,0.05,,0.0,-6.63,-7.13,-53.23,,62.56,,,
NEX,17.4,-1.69,3991600.0,69584.0,29135.0,,10.61,0.73,,0.0,-2.72,-4.65,-6.46,,39.96,,,
NFC,5.05,-0.98,545100.0,2759.0,5602.0,13.26,4.12,4.35,,0.39,9.86,36.62,4.03,,11.92,227.0,407.0,-0.01
NINE,6.75,1.5,6500.0,43.0,10729.0,,2.56,0.05,,0.0,-4.35,-4.52,-65.51,,14.6,,,
NKI,40.75,0.0,0.0,0.0,1467.0,33.29,0.69,1.94,1.50,1.22,0.7,2.05,-0.07,3.67,56.91,1046.0,1117.0,1.25
NNCL,2.06,3.0,5812100.0,11805.0,4219.0,17.93,1.25,0.3,0.05,0.11,6.76,7.02,22.8,5.69,20.31,708.0,601.0,0.65
NOBLE,5.4,0.0,1674500.0,9015.0,7395.0,65.51,1.31,3.11,0.08,0.08,2.34,2.01,2.46,7.96,51.03,1147.0,1129.0,1.21
NOK,1.04,0.0,0.0,0.0,0.0,,,-2.3,0.49,0.0,-9.52,17.09,-22.59,,11.75,,,
NOVA,11.3,3.67,10300.0,113.0,1920.0,11.93,1.31,0.81,,0.95,9.23,13.33,21.08,,22.99,391.0,408.0,0.03
NPK,16.5,1.85,400.0,7.0,165.0,,0.42,0.22,,0.0,-1.24,-5.75,-13.04,,23.39,,,
NRF,5.75,-1.71,758300.0,4350.0,8081.0,21.15,2.63,0.78,0.04,0.27,10.21,13.14,13.69,0.71,33.21,556.0,534.0,0.15
NSI,214.0,0.0,3100.0,663.0,2975.0,26.5,2.43,1.88,2.50,8.08,2.49,8.69,3.79,3.50,38.89,760.0,962.0,1.81
NSL,25.0,2.88,995600.0,24672.0,7470.0,28.32,5.65,0.64,0.25,0.88,16.78,20.86,7.47,2.00,24.19,528.0,493.0,
NTSC,35.75,4.38,1759600.0,59858.0,0.0,,-,,-,0.0,,,,-,25.0,,,
NTV,41.25,-0.6,54200.0,2238.0,6600.0,24.87,2.84,0.14,0.60,1.66,13.49,11.86,11.84,1.45,34.85,631.0,495.0,-2.67
NUSA,1.05,-0.94,9766600.0,10291.0,12228.0,,1.33,0.53,,0.0,-1.31,-8.16,-26.37,,63.81,,,
NV,2.94,3.52,606300.0,1746.0,1764.0,,1.26,0.13,,0.0,-4.98,-4.97,-10.08,12.32,30.41,,,
NVD,1.99,1.02,264300.0,525.0,3075.0,4.48,0.61,1.4,0.01,0.44,8.8,14.56,8.05,0.62,36.14,216.0,266.0,-0.01
NWR,0.77,2.67,5358400.0,4063.0,2017.0,,0.85,6.78,,0.0,1.7,-1.06,1.27,,89.14,,,
NYT,3.32,0.61,617000.0,2054.0,4117.0,18.67,1.28,1.05,0.16,0.18,5.27,6.89,15.29,4.85,40.92,726.0,697.0,-2.57
OCC,10.5,0.0,0.0,0.0,630.0,46.65,0.63,0.19,0.05,0.23,1.45,1.35,-3.04,0.48,30.61,1128.0,1130.0,-1.6
OGC,25.0,0.0,0.0,0.0,533.0,23.62,0.30,0.87,,1.06,1.57,1.26,-2.46,,36.51,991.0,982.0,-0.07
OHTL,464.0,0.43,100.0,46.0,7005.0,,5.05,3.4,,0.0,-2.95,-20.0,-16.7,,20.87,,,
OISHI,47.75,1.6,1600.0,76.0,17906.0,15.9,2.16,0.32,1.10,3.0,13.96,15.86,9.35,3.40,20.34,434.0,361.0,0.16
ONEE,7.65,-0.65,2794100.0,21453.0,18217.0,22.81,2.61,0.33,0.12,0.34,11.8,16.45,12.41,0.90,20.9,515.0,498.0,0.74
OR,22.5,0.0,17983200.0,404673.0,270000.0,26.04,2.60,1.14,0.15,0.86,8.74,13.33,1.9,2.22,23.72,602.0,637.0,4.65
ORI,11.8,0.0,5951600.0,70140.0,29204.0,8.23,1.79,1.4,0.15,1.45,13.49,24.64,25.79,4.58,38.36,158.0,193.0,0.15
OSP,30.75,-2.38,13816200.0,421298.0,92365.0,37.73,5.13,0.43,0.45,0.82,11.66,13.2,7.6,3.49,50.49,692.0,624.0,10.12
OTO,17.1,0.0,1256300.0,21409.0,9464.0,,11.90,0.11,,0.0,-16.03,-15.78,-24.78,,53.18,,,
PACE,0.03,0.0,0.0,0.0,0.0,,,-3.43,,0.0,-26.53,90.06,-1256.02,,51.31,,,
PACO,2.66,0.0,404700.0,1083.0,2660.0,27.64,2.86,1.19,0.05,0.1,8.81,10.59,12.0,3.01,27.06,710.0,650.0,0.69
PAE,0.01,0.0,0.0,16714.0,66.0,,,,,0.0,,,,,93.27,,,
PAF,1.52,1.33,58400.0,88.0,815.0,33.45,1.30,0.45,0.02,0.05,4.44,4.08,4.02,0.99,57.16,989.0,910.0,-0.51
PAP,3.8,0.0,47900.0,182.0,2521.0,,1.21,0.98,0.84,0.0,-6.22,-12.57,-3.72,22.11,26.16,,,
PATO,10.4,-0.95,9400.0,98.0,1481.0,23.6,3.08,0.25,0.82,0.44,11.98,12.31,9.88,7.88,47.39,601.0,506.0,6.82
PB,70.0,1.08,22500.0,1574.0,31950.0,19.28,3.05,0.11,0.86,3.68,16.71,16.39,22.14,2.71,18.2,475.0,387.0,5.75
PCC,3.24,0.62,460000.0,1490.0,0.0,,-,,-,0.0,,,,-,53.99,,,
PCSGH,5.6,0.0,238000.0,1336.0,8464.0,16.43,1.80,0.19,0.15,0.34,11.51,11.06,15.55,5.36,20.14,545.0,419.0,0.3
PDG,3.32,-2.35,204400.0,683.0,992.0,24.42,1.70,0.17,0.05,0.14,8.39,8.85,6.33,3.92,44.75,735.0,631.0,-5.37
PDJ,3.5,1.16,849800.0,2946.0,1919.0,9.54,0.83,0.81,0.10,0.37,7.0,9.07,5.32,2.86,67.58,464.0,417.0,-0.06
PE,0.01,0.0,16126800.0,161.0,0.0,,,,0.5,0.0,,,,,40.06,,,
PEACE,4.9,0.0,401600.0,1972.0,2490.0,6.52,1.17,0.09,0.20,0.76,23.03,20.99,22.26,3.40,41.33,154.0,80.0,
PERM,1.17,-0.85,400600.0,466.0,905.0,,0.76,2.84,0.12,0.0,-3.72,-18.18,-8.95,10.11,52.08,,,
PF,0.43,2.38,7908800.0,3330.0,4305.0,,0.33,2.66,0.02,0.0,1.68,-1.42,-8.62,3.45,62.24,,,
PG,8.0,0.63,4300.0,34.0,768.0,14.77,0.53,0.15,0.10,0.54,3.33,3.66,9.42,1.26,32.26,775.0,753.0,-0.03
PHOL,3.04,0.66,175800.0,528.0,624.0,11.54,1.82,0.97,0.08,0.27,10.75,16.25,5.46,10.53,50.29,325.0,338.0,0.09
PICO,5.1,-2.86,5100.0,26.0,1141.0,57.43,3.10,1.08,,0.09,3.96,5.65,1.8,,12.29,1012.0,1008.0,-1.31
PIMO,2.56,0.0,1740400.0,4472.0,1807.0,15.16,2.10,0.46,0.02,0.17,13.57,17.38,9.34,2.23,37.8,384.0,348.0,0.36
PIN,3.44,0.0,115800.0,396.0,3990.0,26.47,1.74,1.29,0.15,0.13,5.03,8.57,18.28,4.36,17.91,762.0,808.0,
PJW,4.1,0.99,425700.0,1736.0,2418.0,19.9,1.93,1.62,,0.2,6.65,10.11,2.74,3.65,47.21,644.0,644.0,-0.14
PK,1.6,1.27,51600.0,81.0,828.0,,0.65,1.69,0.07,0.0,-1.99,-7.91,-7.25,4.06,38.44,,,
PL,2.66,-1.48,1100.0,3.0,1575.0,12.26,0.51,3.0,0.11,0.22,1.21,4.17,4.21,4.14,63.08,715.0,817.0,-3.14
PLANB,9.3,1.09,35674600.0,330290.0,40654.0,66.29,5.08,0.86,0.07,0.14,7.05,9.3,9.95,,55.9,891.0,851.0,-6.58
PLANET,1.56,4.7,1234900.0,1898.0,605.0,91.82,0.89,0.45,,0.02,2.34,1.05,1.73,,61.63,1203.0,1148.0,-1.23
PLAT,3.64,4.0,1573100.0,5612.0,10136.0,,1.36,0.56,,0.0,-2.27,-5.54,-62.23,,32.71,,,
PLE,0.67,0.0,695000.0,467.0,912.0,63.27,0.36,4.36,0.02,0.01,1.64,0.57,-2.39,2.84,73.09,1188.0,1162.0,-9.69
PLUS,8.35,1.21,561000.0,4636.0,5561.0,27.52,4.54,0.23,,0.3,19.73,19.28,14.57,,41.26,536.0,461.0,
PM,9.55,0.0,103900.0,993.0,5683.0,18.54,3.54,1.03,0.28,0.51,14.5,22.33,5.16,4.50,36.21,396.0,397.0,3.23
PMTA,10.5,-2.78,16000.0,170.0,1063.0,8.78,0.59,0.69,0.50,1.2,6.19,7.04,1.86,4.76,14.61,513.0,435.0,0.72
POLAR,0.09,0.0,0.0,0.0,0.0,,,0.19,0.35,0.0,-0.9,-1.08,-300.77,,99.77,,,
POLY,12.4,0.0,564600.0,7020.0,0.0,,-,,-,0.0,,,,-,25.46,,,
PORT,2.02,0.0,52800.0,108.0,1227.0,,0.88,1.44,0.03,0.0,1.33,-0.7,-0.66,1.24,43.85,,,
POST,1.1,0.0,0.0,0.0,0.0,,,-2.33,0.14,0.0,-3.96,10.78,-7.77,,30.35,,,
PPM,1.97,0.0,145100.0,289.0,844.0,63.26,0.93,1.31,0.03,0.03,2.46,1.49,-1.9,1.68,37.02,1160.0,1111.0,-0.24
PPP,1.97,-1.5,267800.0,525.0,591.0,,0.63,0.3,,0.0,-0.71,-2.54,-1.52,,39.48,,,
PPPM,0.12,0.0,9489000.0,1145.0,1301.0,,2.00,1.61,,0.0,-28.19,-158.28,-50.32,,71.45,,,
PPS,0.7,4.48,1742500.0,1212.0,610.0,25.22,1.87,1.13,,0.03,7.28,7.68,5.99,,59.91,773.0,677.0,-0.19
PQS,5.2,2.97,66217500.0,341549.0,0.0,,-,,-,0.0,,,,-,34.19,,,
PR9,20.1,-0.5,542100.0,10889.0,15805.0,29.01,3.44,0.17,0.14,0.69,12.89,12.44,14.11,0.70,58.74,660.0,547.0,3.3
PRAKIT,12.7,0.79,9900.0,126.0,780.0,,0.96,0.35,0.60,0.0,-1.53,-2.49,-19.24,4.72,58.37,,,
PRAPAT,1.99,12.43,22399700.0,44608.0,737.0,30.39,1.55,1.41,0.01,0.06,2.9,1.49,1.86,0.27,58.42,1193.0,1122.0,-0.53
PREB,9.2,1.1,1030100.0,9302.0,2871.0,6.95,1.16,1.53,0.40,1.34,8.97,17.54,7.34,4.35,73.64,197.0,290.0,-0.44
PRECHA,1.25,0.0,10600.0,13.0,420.0,,1.17,0.28,,0.0,-6.02,-8.31,-62.97,,53.73,,,
PRG,11.4,0.88,4000.0,45.0,7514.0,12.45,0.94,0.3,,0.92,6.51,8.52,25.35,,5.53,556.0,512.0,1.75
PRI,33.75,5.47,2731700.0,89106.0,0.0,,-,,-,0.0,,,,-,25.0,,,
PRIME,1.52,1.33,533200.0,809.0,6424.0,373.27,2.04,1.67,,0.0,-0.58,0.55,23.76,,27.25,1240.0,,-15.36
PRIN,3.02,1.34,38600.0,114.0,3880.0,9.81,0.77,1.29,0.08,0.32,5.67,8.08,15.6,2.48,33.19,491.0,475.0,0.39
PRINC,5.95,0.0,2588700.0,15311.0,22471.0,39.31,2.31,0.72,,0.15,5.35,5.9,8.33,,17.44,956.0,874.0,0.33
PRM,7.9,0.64,9429200.0,74278.0,19625.0,11.56,1.91,1.08,0.09,0.68,10.79,17.74,25.91,3.29,45.16,315.0,351.0,0.55
PRO,0.35,0.0,0.0,0.0,0.0,,,0.32,0.02,0.0,7.88,18.56,10.31,,61.34,,,
PROEN,5.7,0.0,2459400.0,14185.0,1807.0,28.68,3.93,2.67,0.06,0.2,7.57,14.5,4.36,2.76,36.98,615.0,707.0,1.86
PROS,1.92,2.67,165800.0,316.0,1048.0,,2.42,1.45,0.03,0.0,-12.31,-20.6,-9.61,3.08,25.09,,,
PROUD,1.79,1.7,189400.0,334.0,1334.0,65.35,2.04,4.73,,0.03,2.88,3.16,6.11,,19.36,1097.0,1080.0,-0.01
PSG,1.14,-3.39,94344500.0,106880.0,76041.0,158.96,39.00,0.21,,0.01,48.5,52.49,54.48,,19.58,598.0,590.0,15.92
PSH,13.7,2.24,5496400.0,75587.0,29764.0,10.73,0.69,0.62,0.31,1.27,5.24,6.08,8.79,7.01,28.36,633.0,570.0,-0.8
PSL,14.0,4.48,8477400.0,116931.0,22142.0,4.56,1.34,0.49,0.25,3.11,25.41,38.17,57.57,12.50,47.55,50.0,47.0,-0.03
PSTC,1.58,-1.86,2266200.0,3605.0,3795.0,,0.69,0.35,,0.0,,,,,59.26,,,
PT,7.25,0.69,2787500.0,20083.0,2044.0,12.56,3.14,1.68,0.35,0.57,12.41,24.47,5.09,7.59,42.57,273.0,328.0,-1.74
PTC,2.7,3.05,549200.0,1475.0,1107.0,12.73,1.35,,0.10,0.21,,,,3.70,44.88,,,
PTECH,22.2,2.3,2300.0,51.0,5412.0,19.39,5.15,0.73,,1.14,17.88,25.53,19.87,3.38,1.45,385.0,381.0,0.01
PTG,14.1,-0.7,7526000.0,105311.0,23380.0,27.44,2.72,4.22,0.20,0.51,5.11,10.16,0.72,1.77,58.16,725.0,816.0,1.78
PTL,20.2,7.45,3104900.0,61241.0,17820.0,5.93,0.94,0.43,0.57,3.34,,,,6.49,48.98,,,0.23
PTT,33.0,-1.49,43001100.0,1421938.0,935438.0,10.26,0.89,1.26,0.70,3.19,8.13,9.82,2.84,6.06,48.88,464.0,403.0,0.38
PTTEP,160.5,0.94,4366600.0,697911.0,637183.0,8.99,1.36,0.89,5.00,17.85,,,,5.76,34.7,,,0.24
PTTGC,49.0,0.51,9153400.0,447755.0,217552.0,,0.75,1.46,0.25,0.0,0.81,-1.5,-1.39,2.04,54.81,,,
PYLON,4.36,0.46,97900.0,426.0,3284.0,24.52,3.13,0.24,0.06,0.18,13.22,13.3,11.71,1.38,41.36,590.0,495.0,-10.98
Q-CON,12.2,0.83,1166300.0,14154.0,4840.0,15.72,2.22,0.23,0.75,0.77,11.33,10.79,11.56,6.15,15.01,546.0,412.0,0.08
QH,2.34,0.86,2244200.0,5235.0,25072.0,11.22,0.92,0.63,0.04,0.21,,,,4.27,74.86,,,-1.13
QLT,5.6,0.0,107900.0,610.0,552.0,13.43,1.23,0.16,0.20,0.42,8.34,9.43,10.66,3.57,47.76,538.0,463.0,0.36
QTC,4.88,1.24,115200.0,559.0,1658.0,104.68,1.05,0.17,0.20,0.05,3.47,3.34,1.99,4.10,40.28,1131.0,1091.0,0.01
RABBIT,1.15,0.88,18618700.0,21252.0,6400.0,30.01,0.90,0.75,,0.04,3.54,2.65,2.46,,63.78,1011.0,941.0,-0.14
RAM,54.25,0.46,55000.0,2977.0,64800.0,18.47,3.47,0.48,0.30,2.92,12.76,20.59,20.75,1.40,24.34,409.0,423.0,0.17
RATCH,42.75,1.18,1335100.0,56938.0,92437.0,11.34,0.86,0.76,0.80,3.75,7.14,9.31,10.71,3.90,54.98,509.0,467.0,2.17
RBF,12.7,1.6,2287800.0,28649.0,25000.0,50.84,5.79,0.18,0.15,0.25,12.64,11.63,13.11,1.18,27.9,778.0,651.0,4.18
RCL,29.75,1.71,1752300.0,52020.0,25070.0,0.83,0.51,0.27,2.25,36.28,66.46,88.35,51.9,20.17,47.45,8.0,3.0,0.02
RICHY,0.77,1.32,242300.0,185.0,1216.0,97.95,0.41,1.39,0.01,0.01,2.18,0.44,2.43,0.92,45.88,1219.0,1157.0,0.31
RJH,30.25,0.0,44000.0,1339.0,9075.0,7.08,4.10,0.77,2.00,4.27,47.43,62.07,34.88,8.94,57.6,66.0,62.0,0.13
RML,0.73,0.0,2268500.0,1672.0,3046.0,,0.72,0.86,,0.0,-6.81,-17.58,-139.93,,48.39,,,
ROCK,7.95,-0.63,1000.0,8.0,159.0,,0.43,1.32,,0.0,-0.48,-4.4,-2.86,,26.06,,,
ROH,3.52,0.57,75200.0,263.0,3286.0,,1.20,1.94,,0.0,3.32,-8.01,-16.57,,3.0,,,
ROJNA,5.95,-0.83,4696600.0,28012.0,12224.0,16.07,0.77,1.65,0.20,0.38,3.78,4.82,2.35,3.36,31.8,767.0,745.0,0.07
RP,2.22,1.83,2400.0,5.0,442.0,,0.69,0.82,,0.0,-7.62,-11.2,-18.13,,37.8,,,
RPC,0.97,0.0,356800.0,345.0,1266.0,,0.54,0.66,0.10,0.0,0.23,-0.54,0.44,10.31,69.49,,,
RPH,6.35,1.6,784800.0,4950.0,3467.0,6.68,2.00,0.33,0.20,0.95,32.23,32.65,26.87,4.72,68.6,93.0,59.0,0.08
RS,16.0,0.0,1748800.0,28019.0,15365.0,183.77,7.67,2.69,0.35,0.09,2.51,3.99,5.69,2.15,59.4,1125.0,1153.0,-2.16
RSP,2.6,0.0,312400.0,788.0,1917.0,20.98,1.11,0.23,0.15,0.12,5.79,5.25,6.57,5.77,29.64,832.0,690.0,0.18
RT,1.3,-0.76,2662500.0,3468.0,1432.0,,1.14,2.59,0.01,0.0,-1.1,-6.5,-4.15,1.08,61.52,,,
RWI,1.01,0.0,757000.0,768.0,934.0,,0.76,0.46,0.10,0.0,-7.04,-7.69,-13.79,9.90,48.65,,,
S&J,35.0,0.72,100.0,4.0,5248.0,10.88,1.20,0.28,1.20,3.22,10.58,11.5,8.67,3.45,,415.0,336.0,1.65
S,1.98,2.59,3203400.0,6274.0,13365.0,67.41,0.79,1.99,,0.03,1.68,1.2,1.13,,36.44,1184.0,1167.0,-4.66
S11,5.15,0.0,246800.0,1272.0,3188.0,9.07,0.98,0.83,0.10,0.57,6.16,11.57,21.87,3.88,30.3,363.0,444.0,-124.72
SA,7.95,0.0,253900.0,2021.0,9426.0,61.86,2.52,2.55,0.05,0.13,3.01,4.18,5.98,0.62,18.46,1069.0,1081.0,-1.9
SAAM,7.2,-1.37,13000.0,93.0,2130.0,29.91,5.63,0.28,0.04,0.24,17.18,20.85,61.75,0.51,30.79,547.0,509.0,2.51
SABINA,26.25,0.0,612700.0,16089.0,8861.0,21.66,5.04,0.48,0.61,1.18,19.6,23.54,13.23,3.24,47.36,435.0,399.0,1.49
SABUY,12.1,1.68,15671400.0,189662.0,19272.0,18.52,2.15,0.44,0.03,0.65,12.69,19.01,34.03,0.36,31.91,430.0,430.0,0.2
SAF,1.93,0.0,1796400.0,3451.0,0.0,,-,,-,0.0,,,,-,34.77,,,
SAK,7.4,-1.99,6323600.0,47085.0,15091.0,21.19,2.81,1.18,0.14,0.34,6.76,13.96,29.56,1.85,24.79,544.0,653.0,0.62
SALEE,1.18,0.85,2165000.0,2519.0,1794.0,25.32,1.40,0.19,0.02,0.05,4.84,5.63,7.28,1.27,49.0,865.0,805.0,-0.21
SAM,0.81,2.53,266300.0,212.0,847.0,7.83,0.45,1.04,,0.1,3.68,5.85,2.36,,30.57,544.0,569.0,-0.07
SAMART,5.4,2.86,2467200.0,13142.0,5284.0,,1.73,3.4,,0.0,-0.97,-22.44,-9.46,,57.65,,,
SAMCO,1.45,0.0,138200.0,199.0,931.0,29.47,0.39,1.33,0.04,0.05,0.94,1.33,2.09,2.76,47.1,1049.0,1078.0,-3.08
SAMTEL,6.35,1.6,70000.0,438.0,3924.0,52.82,1.15,1.2,0.06,0.12,2.11,2.18,2.4,0.79,28.3,1115.0,1112.0,-1.49
SANKO,1.29,1.57,40500.0,52.0,402.0,22.97,1.98,1.51,,0.06,4.46,9.09,2.8,0.11,34.61,711.0,813.0,-0.8
SAPPE,51.0,0.0,296100.0,15235.0,16108.0,29.07,5.18,0.34,1.10,1.8,17.39,18.6,13.02,2.15,25.39,548.0,486.0,57.9
SAT,20.7,1.47,429600.0,8839.0,8674.0,9.56,1.12,0.31,0.38,2.13,10.87,11.94,10.66,7.25,64.42,366.0,296.0,0.34
SAUCE,30.75,0.0,7400.0,228.0,11070.0,18.14,4.14,0.11,1.60,1.7,25.83,22.96,18.52,5.20,22.44,383.0,315.0,1.91
SAWAD,55.75,4.69,6630000.0,365516.0,75523.0,17.14,3.09,1.31,1.80,3.21,8.37,18.35,38.19,3.23,44.92,417.0,540.0,0.89
SAWANG,14.2,0.0,100.0,1.0,341.0,,1.05,0.08,,0.0,-8.5,-9.39,-13.67,,22.83,,,
SC,4.54,-0.87,9028800.0,41038.0,19296.0,7.55,0.88,1.59,0.17,0.6,5.72,10.96,11.31,5.49,39.24,352.0,427.0,1.75
SCAP,25.75,0.0,118000.0,3053.0,33832.0,62.84,3.18,1.63,0.80,0.41,4.67,5.32,19.47,1.35,18.36,1037.0,976.0,0.71
SCB,100.5,1.26,13063400.0,1306826.0,333344.0,8.88,0.72,6.43,1.50,11.15,1.17,8.87,26.17,,76.41,443.0,720.0,-2.38
SCBB,69.0,-5.8,3005000.0,211189.0,0.0,,,,2.63,0.0,,,,,76.61,,,
SCC,339.0,-0.29,519300.0,176338.0,406800.0,13.77,1.03,0.94,2.00,24.62,4.67,7.83,4.64,2.36,66.22,595.0,639.0,-16.37
SCCC,161.0,-0.62,455000.0,73544.0,47829.0,25.76,1.44,1.01,9.00,6.23,7.46,10.41,7.28,5.59,27.91,696.0,680.0,2.63
SCG,4.78,3.46,27500.0,130.0,5423.0,,1.47,1.29,0.06,0.0,-2.35,-6.67,-3.65,1.28,17.66,,,
SCGP,52.25,0.48,3962900.0,206601.0,222159.0,38.3,2.29,0.61,0.35,1.35,5.77,7.58,4.71,1.15,26.21,879.0,837.0,1.52
SCI,1.34,0.0,457300.0,615.0,983.0,,0.75,1.33,,0.0,-4.64,-11.18,-13.66,,46.64,,,
SCM,5.75,0.0,251500.0,1457.0,3390.0,16.52,5.33,0.32,0.15,0.34,27.57,32.76,15.31,5.04,33.88,311.0,287.0,0.14
SCN,2.04,2.0,1117400.0,2267.0,2448.0,6.96,0.79,0.81,0.06,0.29,7.89,12.17,23.12,2.70,36.4,296.0,331.0,-0.6
SCP,5.0,0.0,31100.0,156.0,1500.0,21.44,0.69,0.16,0.15,0.23,3.8,3.17,5.31,3.07,49.06,902.0,830.0,-1.45
SDC,0.18,0.0,21308300.0,3840.0,2768.0,,2.71,4.81,,0.0,-4.87,-82.93,-65.94,,29.58,,,
SE,1.19,-3.25,3212300.0,3855.0,773.0,11.71,2.07,0.41,,0.1,16.2,19.19,10.59,0.22,38.01,304.0,257.0,1.41
SE-ED,2.22,-0.89,4000.0,9.0,870.0,,0.84,1.09,,0.0,0.58,-2.5,0.19,,26.81,,,
SEAFCO,3.7,1.09,344400.0,1268.0,2737.0,,1.93,0.58,,0.0,-5.99,-10.76,-24.02,,73.71,,,
SEAOIL,3.86,-1.53,228600.0,886.0,2702.0,5.57,1.33,0.94,0.01,0.7,15.11,27.19,2.28,0.18,39.63,99.0,128.0,
SECURE,16.4,1.86,125900.0,2059.0,1675.0,45.45,2.88,0.27,0.18,0.36,6.66,6.46,4.3,1.10,41.16,949.0,823.0,
SELIC,2.98,2.05,178100.0,529.0,1786.0,38.34,1.88,1.07,0.01,0.08,3.77,5.79,2.98,0.14,34.25,950.0,968.0,-0.17
SENA,3.96,0.51,414700.0,1635.0,5711.0,4.26,0.71,1.28,0.13,0.93,8.07,17.71,23.48,5.32,32.88,164.0,289.0,0.38
SENAJ,1.04,1.96,667400.0,694.0,4242.0,,1.11,0.59,,0.0,-2.42,-5.73,-12.23,,57.69,,,
SF,7.65,-0.65,115600.0,873.0,0.0,,,,0.2,0.0,,,,,3.1,,,
SFLEX,3.56,7.88,5558000.0,19307.0,2936.0,57.25,3.03,0.72,0.05,0.06,3.66,5.38,1.72,2.42,52.73,1026.0,1035.0,3.88
SFP,247.0,0.0,2100.0,519.0,5187.0,23.51,2.99,0.33,,10.51,11.17,11.54,5.61,,28.73,625.0,527.0,0.15
SFT,5.1,2.82,256400.0,1291.0,2200.0,28.89,2.91,0.28,0.10,0.17,10.46,10.28,9.55,1.99,29.25,738.0,617.0,0.73
SGC,3.86,7.22,275972700.0,1034217.0,0.0,,-,,-,0.0,,,,-,20.49,,,
SGF,0.78,0.0,2158400.0,1687.0,1022.0,21.52,0.57,0.54,,0.04,1.73,2.7,10.62,,85.86,918.0,948.0,0.31
SGP,10.0,0.0,378900.0,3779.0,18379.0,8.74,1.10,1.94,0.20,1.14,6.83,13.05,1.44,10.00,16.36,316.0,403.0,0.16
SHANG,62.5,3.31,3000.0,187.0,7410.0,,1.02,0.06,,0.0,-4.49,-3.42,-10.34,,18.54,,,
SHR,4.42,-1.34,7921300.0,35161.0,15596.0,,0.91,1.25,,0.0,1.23,-0.98,-1.49,,37.73,,,
SIAM,1.69,0.6,288700.0,489.0,1014.0,,0.39,0.23,0.01,0.0,-0.29,-0.78,-0.85,0.59,35.63,,,
SICT,8.2,1.23,319400.0,2609.0,3280.0,36.66,7.13,0.2,0.04,0.22,17.51,21.45,18.38,0.52,36.71,572.0,538.0,0.58
SIMAT,2.3,1.77,436300.0,997.0,1518.0,24.51,1.51,0.53,,0.1,6.57,6.36,7.6,,86.16,819.0,693.0,
SINGER,21.5,24.28,164509700.0,3270537.0,17187.0,18.26,0.97,0.52,0.26,1.14,9.39,10.12,18.67,2.61,49.74,620.0,524.0,0.17
SIRI,1.85,1.65,57497800.0,105549.0,28704.0,10.13,0.70,2.43,0.04,0.18,3.65,7.1,11.36,3.13,71.55,545.0,633.0,-1.38
SIS,25.25,0.0,48600.0,1227.0,9018.0,11.81,2.65,2.18,1.20,2.18,9.47,23.61,2.57,4.75,32.18,259.0,391.0,0.38
SISB,26.0,1.96,755500.0,19411.0,23500.0,87.85,10.87,0.74,0.10,0.28,8.39,12.89,25.47,0.38,21.64,797.0,824.0,0.62
SITHAI,1.82,6.43,54795000.0,97114.0,4878.0,13.79,1.15,0.9,0.03,0.13,6.07,8.73,4.14,1.65,62.35,574.0,555.0,-0.09
SJWD,20.0,0.5,1114800.0,22135.0,20298.0,35.75,5.36,,0.78,0.56,,,,1.25,45.68,,,
SK,0.92,0.0,67600.0,63.0,432.0,79.79,1.29,0.42,0.03,0.01,2.19,1.59,-1.1,2.72,58.88,1172.0,1144.0,-4.87
SKE,0.72,1.41,166700.0,119.0,804.0,46.07,0.78,0.63,,0.02,2.53,1.72,3.29,,45.7,1112.0,1066.0,-2.76
SKN,5.1,2.0,242300.0,1225.0,4160.0,5.11,1.21,0.24,0.28,1.02,22.67,25.92,17.53,5.49,29.81,96.0,62.0,0.04
SKR,10.3,13.19,2267100.0,22676.0,21056.0,20.75,3.52,0.32,0.08,0.49,29.29,32.29,19.08,1.55,38.91,375.0,346.0,0.28
SKY,28.75,12.75,22138100.0,628311.0,18104.0,134.09,6.44,2.42,,0.22,3.92,5.04,6.63,,61.41,1090.0,1065.0,0.32
SLM,0.19,0.0,0.0,0.0,0.0,,,0.94,0.6,0.0,19.31,44.03,13.09,,33.77,,,
SLP,0.64,0.0,192500.0,121.0,756.0,,0.91,0.14,,0.0,-2.67,-4.49,-4.23,,31.36,,,
SM,1.99,1.53,3265100.0,6484.0,0.0,,-,,-,0.0,,,,-,37.51,,,
SMART,0.85,1.19,5387200.0,4560.0,896.0,31.32,1.54,0.24,0.04,0.03,5.31,4.83,4.68,4.71,31.38,951.0,832.0,-0.57
SMD,8.45,1.2,719600.0,6058.0,1899.0,5.47,1.85,0.24,0.25,1.54,34.53,37.19,15.82,5.64,49.01,62.0,41.0,0.02
SMIT,5.0,0.0,191000.0,949.0,2650.0,9.57,1.06,0.12,0.14,0.52,12.17,11.26,11.98,7.20,36.23,394.0,259.0,0.61
SMK,3.38,1.2,121800.0,413.0,676.0,,,1.29,,0.0,-296.71,107.22,-500.01,,15.91,,,
SMPC,12.1,0.83,3457000.0,41822.0,6587.0,7.95,2.42,0.49,0.40,1.55,29.76,41.35,15.89,8.26,38.74,94.0,85.0,0.74
SMT,5.15,0.98,4751900.0,23971.0,4355.0,15.65,2.43,0.57,0.05,0.33,10.72,16.92,10.7,0.97,79.02,407.0,430.0,-0.02
SNC,14.5,5.07,4159500.0,60395.0,5288.0,7.27,1.03,1.31,0.65,2.01,8.65,15.26,3.67,6.21,66.01,247.0,310.0,0.41
SNNP,25.5,4.51,3946100.0,98801.0,23904.0,49.37,8.11,0.52,0.18,0.5,14.03,17.39,9.15,0.94,29.02,665.0,620.0,0.14
SNP,18.2,0.55,26100.0,471.0,9282.0,20.62,3.62,0.93,0.10,0.88,12.1,18.02,7.8,3.44,19.74,463.0,467.0,6.54
SO,9.3,1.09,29400.0,275.0,4151.0,27.21,4.21,0.77,0.15,0.34,11.38,16.05,6.55,1.99,25.0,574.0,560.0,1.12
SOLAR,0.89,1.14,886300.0,785.0,969.0,,1.75,1.92,,0.0,-9.54,-58.79,-64.85,,75.76,,,
SONIC,2.8,2.19,1529500.0,4228.0,2157.0,6.16,1.71,0.37,0.11,0.46,30.15,35.14,8.48,3.71,50.05,75.0,53.0,0.08
SORKON,5.75,1.77,473400.0,2722.0,1843.0,13.88,1.47,1.32,0.15,0.41,7.33,10.93,3.51,2.61,40.08,501.0,509.0,1.36
SPA,11.3,-0.88,341200.0,3880.0,9490.0,,18.50,3.6,,0.0,-4.32,-25.0,-22.79,,56.32,,,
SPACK,3.32,2.47,781100.0,2558.0,990.0,62.13,1.67,1.66,,0.05,2.27,2.73,-0.05,,24.28,1121.0,1124.0,0.27
SPALI,24.0,-0.83,4333900.0,104245.0,46678.0,5.26,1.05,0.75,0.70,4.55,15.24,21.23,23.58,5.20,53.91,137.0,121.0,0.46
SPC,63.5,-0.39,200.0,13.0,20955.0,12.71,0.85,0.41,0.50,5.0,5.96,6.7,4.4,2.52,40.99,625.0,543.0,2.5
SPCG,14.3,0.0,178800.0,2556.0,15203.0,6.76,0.86,0.19,0.25,2.13,11.3,13.32,52.84,5.59,35.4,262.0,211.0,4.27
SPG,16.3,0.0,0.0,0.0,5796.0,15.23,1.05,0.1,0.45,1.1,7.86,6.93,13.24,5.52,8.79,655.0,511.0,-7.64
SPI,66.25,0.38,100.0,7.0,37459.0,12.38,0.86,0.39,0.20,5.29,5.72,7.13,59.72,1.21,59.13,601.0,548.0,0.56
SPRC,11.2,0.0,3369800.0,37759.0,48562.0,5.24,1.14,0.76,0.96,2.14,17.88,24.54,3.38,1.59,39.39,109.0,95.0,-0.07
SPVI,5.15,0.0,893400.0,4631.0,2080.0,16.44,3.80,1.1,0.18,0.32,23.16,30.72,2.11,3.40,38.57,311.0,291.0,0.12
SQ,1.96,-0.51,185000.0,361.0,2241.0,8.13,0.80,2.21,0.08,0.24,5.57,10.1,6.3,4.08,59.64,401.0,451.0,
SR,1.47,-2.0,2700.0,4.0,981.0,,1.13,2.02,,0.0,0.95,-4.69,0.55,,33.01,,,
SRICHA,10.0,5.26,681400.0,6654.0,3161.0,,1.91,0.19,0.25,0.0,-1.53,-0.52,-0.37,6.50,44.03,,,
SSC,34.0,0.0,300.0,10.0,9041.0,482.44,0.97,0.47,0.34,0.07,1.4,0.14,0.11,1.00,15.21,1256.0,1227.0,16.0
SSF,8.6,-0.58,400.0,3.0,2322.0,17.71,1.24,0.82,0.52,0.49,6.67,6.99,1.62,6.03,22.71,707.0,603.0,0.18
SSP,9.45,0.53,1504800.0,14164.0,11927.0,9.03,1.52,1.77,0.20,1.06,8.32,20.33,41.33,0.11,45.69,218.0,363.0,0.34
SSS,0.71,0.0,0.0,0.0,0.0,,,0.04,0.03,0.0,-71.63,-81.56,-4070.44,,44.33,,,
SSSC,3.14,1.29,244500.0,768.0,2022.0,7.91,0.66,0.44,0.23,0.4,7.69,8.51,4.67,7.32,38.82,443.0,359.0,0.39
SST,6.4,0.0,100.0,1.0,3369.0,96.17,1.68,1.79,0.02,0.07,2.99,1.76,0.76,0.47,31.44,1177.0,1115.0,-0.09
STA,25.0,5.04,18172900.0,450994.0,38784.0,7.15,0.76,0.7,1.00,3.53,7.92,11.13,4.44,16.60,55.54,337.0,332.0,-0.01
STANLY,180.0,-0.28,49000.0,8817.0,13793.0,8.34,0.67,0.13,8.50,21.58,8.94,8.23,11.09,4.72,34.3,460.0,326.0,0.34
STARK,2.66,2.31,77039000.0,205631.0,35393.0,11.32,2.49,4.39,,0.23,12.57,43.28,10.13,,28.84,191.0,301.0,0.05
STC,0.8,0.0,446900.0,355.0,454.0,,1.23,0.78,,0.0,0.46,-0.36,-0.62,,24.87,,,
STEC,13.2,2.33,9441600.0,123596.0,19979.0,21.73,1.05,1.59,0.25,0.6,2.43,5.28,2.47,1.89,65.73,839.0,917.0,-0.19
STECH,2.06,1.98,185600.0,381.0,1494.0,18.79,1.20,0.97,0.05,0.11,4.94,6.48,4.88,2.43,44.08,745.0,721.0,
STGT,11.0,4.76,24739600.0,275049.0,30944.0,18.73,0.84,0.33,0.50,0.58,7.85,9.15,8.98,42.22,34.59,450.0,381.0,0.01
STHAI,0.01,0.0,0.0,0.0,0.0,,,0.07,0.11,0.01,1.25,1.34,-0.33,,73.98,,,
STI,5.8,0.0,4217900.0,24402.0,3889.0,28.15,4.64,1.13,0.07,0.23,10.44,17.9,7.78,0.53,19.58,523.0,574.0,0.88
STOWER,0.04,0.0,7782500.0,315.0,1849.0,,1.67,0.21,,0.0,-10.26,-13.98,-32.07,,68.81,,,
STP,13.4,0.0,187300.0,2493.0,1340.0,11.17,2.15,0.37,0.20,1.2,18.28,20.13,20.73,,25.0,276.0,220.0,
STPI,4.72,0.0,632800.0,2990.0,7734.0,694.99,1.00,0.46,,0.01,1.0,0.14,-3.25,,74.26,1256.0,1249.0,-3.23
SUC,30.25,0.0,19300.0,586.0,9225.0,12.97,0.41,0.11,1.50,2.37,3.95,3.21,8.78,4.96,57.21,752.0,674.0,-0.97
SUN,4.44,-1.33,204900.0,917.0,2877.0,18.65,2.53,0.44,0.05,0.24,12.52,13.94,3.66,5.63,31.13,500.0,431.0,-0.1
SUPER,0.62,3.33,17523400.0,10824.0,16683.0,16.69,0.84,2.93,0.01,0.04,4.54,5.07,9.63,0.97,63.05,777.0,719.0,0.22
SUSCO,3.84,2.13,3979100.0,15246.0,4032.0,9.47,1.02,1.17,0.12,0.41,7.85,11.11,1.55,4.69,53.88,393.0,394.0,8.15
SUTHA,3.96,-0.5,269100.0,1066.0,1450.0,16.44,1.50,2.14,,0.24,3.84,13.2,7.75,2.72,21.56,487.0,757.0,0.03
SVH,430.0,5.39,8095.0,3119.0,43000.0,19.14,3.98,,7.50,0.0,,,,3.31,4.23,,,5.87
SVI,9.2,1.1,7457000.0,68496.0,20240.0,11.42,3.39,2.17,0.26,0.82,12.31,35.01,6.81,2.83,18.56,195.0,298.0,0.43
SVOA,2.4,1.69,341000.0,814.0,1697.0,14.55,0.93,1.47,0.06,0.16,3.96,6.55,1.75,2.42,63.24,660.0,698.0,0.47
SVR,1.97,3.68,14181900.0,27670.0,0.0,,-,,-,0.0,,,,-,50.82,,,
SVT,3.4,0.0,650500.0,2210.0,2422.0,27.95,2.02,0.35,0.04,0.12,6.6,7.44,4.33,1.18,55.68,809.0,727.0,
SWC,6.35,-0.78,2100.0,13.0,2879.0,42.56,4.18,0.66,0.13,0.15,9.69,10.22,1.23,4.38,25.59,811.0,708.0,3.18
SYMC,5.8,-1.69,1700.0,10.0,2537.0,17.07,0.96,0.6,0.08,0.34,5.51,5.76,9.91,1.29,30.16,749.0,649.0,-0.34
SYNEX,16.4,1.86,542000.0,8828.0,13981.0,15.54,3.59,2.44,0.18,1.06,9.62,23.95,2.12,4.27,25.3,331.0,457.0,0.79
SYNTEC,1.72,2.99,555600.0,935.0,2736.0,,0.51,0.68,0.03,0.0,-2.13,-3.09,-6.77,3.49,66.46,,,
TACC,6.4,0.0,547700.0,3501.0,3891.0,15.66,5.42,0.48,0.17,0.41,30.54,35.38,17.21,5.16,66.39,283.0,261.0,0.57
TAE,1.55,-0.64,203000.0,313.0,1530.0,,0.94,0.87,,0.0,-3.38,-6.91,-4.82,,41.02,,,
TAKUNI,2.8,1.45,13570300.0,38116.0,2224.0,22.17,2.30,0.86,0.03,0.13,12.56,10.77,2.31,0.89,48.39,643.0,481.0,0.62
TAPAC,2.38,0.0,84500.0,201.0,997.0,9.02,1.00,1.26,0.02,0.27,8.74,11.64,4.13,0.84,45.41,355.0,343.0,-0.22
TASCO,18.8,1.62,16040000.0,301675.0,29831.0,12.61,1.83,0.65,0.25,1.5,9.86,11.9,5.61,5.59,39.98,507.0,467.0,0.24
TC,11.8,1.72,750800.0,8756.0,3861.0,8.33,1.56,0.38,0.15,1.4,15.67,20.47,9.3,1.27,50.84,202.0,176.0,-0.66
TCAP,42.5,-0.58,1117700.0,47675.0,49263.0,7.64,0.67,1.1,1.20,5.63,4.79,9.06,48.95,7.06,76.17,421.0,491.0,5.2
TCC,0.9,1.12,2079900.0,1835.0,1240.0,6.01,1.13,0.33,,0.15,20.79,21.77,9.94,,61.77,141.0,86.0,-0.02
TCCC,39.0,0.65,73100.0,2833.0,22658.0,23.09,2.05,0.2,1.70,1.68,9.7,8.86,7.52,4.36,7.56,718.0,569.0,-10.43
TCJ,4.52,0.44,17800.0,80.0,482.0,,0.34,0.56,,0.0,3.69,-3.72,-0.02,,58.99,,,
TCMC,1.77,2.91,319400.0,569.0,1358.0,,0.61,2.22,,0.0,1.36,-1.3,0.43,,61.68,,,
TCOAT,27.25,-6.03,900.0,25.0,286.0,,0.56,0.24,0.55,0.0,-1.75,-2.43,-1.33,1.90,25.86,,,
TEAM,8.1,3.18,3548600.0,28443.0,5192.0,21.4,4.97,1.1,0.05,0.38,12.37,24.81,8.81,1.98,30.7,412.0,472.0,-0.07
TEAMG,10.2,6.25,8855300.0,89090.0,6936.0,66.63,7.13,1.35,0.15,0.15,6.25,10.82,5.48,1.47,61.71,842.0,887.0,19.64
TEGH,5.3,1.92,7301200.0,38494.0,5724.0,8.5,1.86,1.57,,0.62,10.58,22.55,4.4,,25.0,185.0,274.0,
TEKA,3.16,2.6,1411000.0,4436.0,936.0,7.35,1.33,0.97,0.07,0.42,9.33,14.07,4.94,,25.0,264.0,289.0,
TFG,5.35,1.9,4950400.0,26427.0,30249.0,8.1,2.08,2.09,0.10,0.66,13.78,29.16,9.57,1.67,15.93,129.0,183.0,0.58
TFI,0.15,0.0,4179500.0,627.0,2524.0,,1.00,0.18,,0.0,-9.77,-11.01,-29.94,,12.01,,,
TFM,9.9,0.0,45700.0,453.0,4950.0,45.19,2.23,0.48,0.05,0.22,3.96,8.2,2.5,1.52,30.4,850.0,948.0,-0.77
TFMAMA,205.0,0.99,7500.0,1522.0,67589.0,23.95,2.34,0.13,1.34,8.56,11.17,10.05,9.73,2.01,24.3,689.0,532.0,3.65
TGE,1.75,1.74,1325300.0,2313.0,3828.0,18.76,1.87,0.65,,0.09,7.79,10.26,21.98,,27.02,619.0,590.0,
TGH,20.3,0.0,0.0,0.0,15268.0,,1.85,8.65,,0.0,-1.44,-13.68,11.45,,19.16,,,
TGPRO,0.26,-3.7,2612100.0,682.0,1274.0,17.12,0.59,0.59,,0.02,3.31,3.48,3.26,,61.8,813.0,786.0,-0.01
TH,2.24,5.66,14210900.0,31301.0,2196.0,9.17,1.39,0.05,,0.24,19.59,17.33,61.38,,51.67,260.0,164.0,-0.14
THAI,3.32,0.0,0.0,0.0,0.0,,,-3.22,0.5,0.0,2.55,13.63,-15.39,,52.14,,,
THANA,2.56,0.0,396200.0,1026.0,710.0,10.07,1.43,1.52,0.05,0.25,7.77,17.77,9.14,,30.81,272.0,415.0,-0.41
THANI,4.06,1.5,8925200.0,36032.0,22879.0,13.06,1.91,3.48,0.17,0.31,3.6,16.04,42.27,4.19,29.85,373.0,705.0,0.82
THCOM,15.8,1.28,3561800.0,56371.0,17428.0,412.87,1.65,0.4,0.50,0.04,4.26,3.69,20.7,3.16,58.86,1139.0,1061.0,-1.24
THE,1.57,1.29,102000.0,158.0,1730.0,13.5,0.76,1.64,0.10,0.12,3.24,5.67,-1.69,12.74,32.07,685.0,732.0,-0.04
THG,69.25,0.73,2431200.0,167993.0,58899.0,29.48,5.91,1.19,0.30,2.36,12.75,21.72,14.38,1.30,41.88,528.0,554.0,0.06
THIP,33.25,0.0,63000.0,2062.0,2970.0,8.18,1.18,0.25,1.75,4.04,18.89,19.79,9.86,5.26,30.85,205.0,140.0,1.6
THL,0.46,0.0,0.0,0.0,0.0,,,0.4,1,0.04,-25.94,-33.82,-484.53,,56.41,,,
THMUI,0.95,-1.04,184600.0,173.0,323.0,383.33,0.90,0.73,,0.0,0.9,0.23,-2.48,,37.04,1250.0,1254.0,-6.8
THRE,1.12,4.67,7071000.0,7900.0,4679.0,,1.50,1.22,,0.0,-5.03,-11.43,-6.69,,50.69,,,
THREL,5.2,1.96,574400.0,2960.0,3120.0,20.36,2.19,0.94,0.08,0.26,5.46,10.73,6.35,2.31,88.41,616.0,700.0,-1.18
TIDLOR,28.75,3.6,15100000.0,435091.0,70550.0,19.38,2.87,2.22,0.27,1.46,5.14,15.66,25.88,0.88,44.51,496.0,723.0,
TIGER,1.66,-1.19,355600.0,581.0,750.0,45.25,1.28,0.45,0.06,0.04,2.71,2.81,1.68,3.31,27.9,1081.0,1059.0,-2.34
TIPCO,9.15,2.23,507100.0,4638.0,4560.0,17.38,1.02,0.45,0.19,0.54,4.56,5.95,6.31,8.42,49.99,737.0,711.0,-0.11
TIPH,50.0,3.63,1818100.0,89722.0,29566.0,30.33,3.45,5.1,0.50,1.64,1.99,10.96,6.94,,54.3,720.0,1028.0,
TISCO,101.0,0.0,3491300.0,353180.0,80865.0,11.21,1.97,5.24,7.15,9.01,2.88,17.93,40.24,7.08,77.42,300.0,707.0,1.57
TITLE,2.06,-0.96,963500.0,1972.0,1458.0,138.71,2.35,0.96,,0.01,1.9,1.72,6.25,,34.59,1191.0,1184.0,0.79
TK,7.95,0.63,1892600.0,14885.0,3975.0,9.06,0.69,0.16,0.50,0.88,6.53,7.77,21.07,6.29,24.49,497.0,430.0,2.16
TKC,22.1,-3.07,2424500.0,54905.0,6810.0,39.65,3.85,0.46,0.20,0.57,10.07,13.96,9.02,1.36,31.72,677.0,679.0,-2.81
TKN,11.0,0.0,3774600.0,41157.0,15180.0,38.14,7.38,0.55,0.08,0.29,13.47,20.04,9.85,1.27,42.1,595.0,592.0,-1.52
TKS,13.1,3.97,4354000.0,56527.0,6508.0,9.01,1.45,0.3,0.12,1.42,13.98,17.39,41.68,2.78,57.98,253.0,210.0,0.12
TKT,2.94,1.38,10919100.0,31778.0,1017.0,31.32,1.06,1.66,,0.09,4.54,6.02,2.13,,43.12,908.0,887.0,-0.22
TLI,14.0,-1.41,5000200.0,70406.0,160300.0,19.51,1.79,5.13,,0.72,1.95,11.93,10.31,,21.89,562.0,911.0,
TM,2.66,-1.48,234500.0,628.0,825.0,55.0,1.93,0.94,0.09,0.05,2.86,3.46,1.75,3.20,43.54,1080.0,1075.0,7.62
TMC,3.64,1.11,4353400.0,15831.0,1771.0,25.6,4.44,0.96,,0.15,10.79,18.9,26.09,,61.47,502.0,549.0,-1.9
TMD,24.9,0.4,22700.0,563.0,3735.0,11.51,1.23,0.08,1.60,2.16,11.7,10.87,13.66,6.45,34.29,457.0,319.0,2.86
TMI,1.65,0.0,1139400.0,1878.0,1115.0,44.18,5.03,2.06,,0.04,5.58,12.14,5.79,,37.16,744.0,870.0,-0.2
TMILL,4.0,1.01,171500.0,681.0,1595.0,15.9,1.45,0.35,0.08,0.25,7.97,9.19,6.31,5.25,28.66,606.0,528.0,1.35
TMT,8.15,1.88,130400.0,1051.0,7010.0,19.07,2.18,1.78,0.15,0.42,5.8,10.8,1.19,15.95,22.5,603.0,667.0,0.46
TMW,41.5,-1.19,9200.0,382.0,1686.0,9.58,0.63,0.3,0.90,4.41,4.48,4.91,5.37,2.17,21.92,623.0,564.0,0.48
TNDT,0.48,4.35,4435100.0,2141.0,396.0,,0.75,1.36,,0.0,-1.51,-11.99,-26.8,5.69,57.06,,,
TNH,37.5,0.0,0.0,0.0,6750.0,18.85,2.64,0.19,0.60,1.99,15.21,14.77,12.32,1.61,37.12,496.0,397.0,0.19
TNITY,7.55,0.67,104400.0,786.0,1640.0,8.34,0.98,3.12,0.18,0.92,2.99,11.69,19.28,13.25,61.93,337.0,623.0,0.18
TNL,33.0,-0.75,400.0,13.0,7006.0,113.66,1.00,0.13,0.50,0.29,3.29,2.21,5.41,0.60,25.02,1167.0,1103.0,1.66
TNP,3.96,2.06,189000.0,738.0,3216.0,20.04,3.38,0.32,0.04,0.2,16.79,17.78,5.95,2.53,27.7,456.0,391.0,0.67
TNPC,2.02,1.0,87500.0,176.0,688.0,17.59,1.29,1.35,0.05,0.11,5.63,7.62,2.84,2.32,65.19,682.0,652.0,0.03
TNR,11.0,0.92,3700.0,41.0,3330.0,,3.59,1.01,0.20,0.0,-19.31,-28.56,16.69,,24.05,,,
TOA,33.5,3.88,1901200.0,62788.0,66957.0,41.74,5.30,0.5,0.25,0.79,11.18,13.07,7.38,1.49,25.02,716.0,659.0,11.01
TOG,9.45,0.53,358600.0,3410.0,4553.0,11.29,2.15,0.5,0.43,0.85,13.14,19.33,14.24,6.35,38.77,281.0,276.0,0.23
TOP,56.75,0.0,3045800.0,173743.0,126212.0,3.86,0.81,1.79,1.70,14.63,13.22,27.75,8.03,6.52,51.96,76.0,135.0,-0.03
TOPP,161.0,0.0,100.0,16.0,966.0,10.63,0.62,0.17,4.05,15.15,5.69,6.02,5.8,2.52,21.43,607.0,506.0,-5.66
TPA,6.0,-0.83,100.0,1.0,729.0,,1.81,0.7,0.45,0.0,-2.92,-4.32,-3.65,7.50,23.56,,,
TPAC,14.8,1.37,330400.0,4926.0,4833.0,17.0,1.99,1.89,0.14,0.87,7.11,12.56,4.0,0.95,21.07,510.0,575.0,0.24
TPBI,4.38,0.92,283900.0,1232.0,1818.0,10.82,0.73,0.91,,0.4,4.69,6.94,2.79,,36.51,570.0,579.0,-0.05
TPCH,7.3,1.39,333100.0,2413.0,2929.0,16.92,0.96,1.38,0.18,0.43,4.75,4.19,6.77,2.51,55.44,884.0,782.0,-99.18
TPCS,21.3,0.0,900.0,19.0,2300.0,8.83,0.87,0.13,0.75,2.41,8.67,10.37,16.27,3.52,25.24,406.0,345.0,-0.05
TPIPL,1.74,-1.14,14017000.0,24256.0,32758.0,4.67,0.61,1.25,0.03,0.37,8.21,15.53,15.92,5.19,35.69,207.0,289.0,0.04
TPIPP,3.38,1.2,1813800.0,6102.0,28224.0,10.03,0.89,0.74,0.09,0.33,6.67,10.68,28.17,7.40,28.47,432.0,448.0,0.5
TPLAS,2.8,2.19,108100.0,302.0,761.0,21.13,2.39,0.2,0.10,0.13,11.87,11.52,5.76,3.57,28.74,596.0,478.0,1.69
TPOLY,1.38,0.73,153200.0,210.0,785.0,,0.65,2.16,,0.0,2.11,-16.02,-1.95,,56.71,,,
TPP,19.9,0.51,100.0,2.0,743.0,24.47,0.83,0.15,1.00,0.81,3.64,3.29,11.36,10.05,27.26,933.0,880.0,-0.27
TPS,3.32,1.22,156800.0,518.0,1116.0,15.45,2.57,0.94,0.08,0.21,11.42,17.5,8.7,2.41,34.47,391.0,401.0,-31.34
TQM,41.0,0.61,457800.0,18646.0,24600.0,29.87,10.73,0.55,0.70,1.37,26.29,35.75,21.81,2.99,41.39,463.0,453.0,0.85
TQR,11.5,0.88,15100.0,173.0,2668.0,37.74,5.71,0.18,0.14,0.31,17.24,15.27,40.43,2.77,25.43,655.0,544.0,0.75
TR,47.5,0.53,12000.0,567.0,9526.0,6.95,0.30,0.09,0.56,6.8,9.45,10.57,40.35,1.18,10.76,359.0,278.0,-0.14
TRC,0.77,0.0,131522100.0,101119.0,7286.0,,25.33,13.38,,0.0,-1.16,-27.7,-3.67,,69.73,,,
TRITN,0.18,5.88,3276500.0,570.0,2003.0,,1.29,0.77,,0.0,-11.7,-16.47,0.3,,82.99,,,
TRT,2.94,-0.68,284600.0,826.0,899.0,,0.89,1.86,0.12,0.0,-2.17,-8.15,-7.88,4.08,69.18,,,
TRU,6.0,0.84,225600.0,1352.0,3596.0,10.88,1.01,0.17,0.10,0.55,10.14,9.68,13.66,1.64,25.15,483.0,351.0,-0.39
TRUBB,2.02,2.54,2447600.0,4907.0,1652.0,3.08,0.46,1.16,0.15,0.66,9.01,16.03,4.36,7.43,61.33,187.0,248.0,6.72
TRUE,5.1,0.0,1171553.0,596795.0,170178.0,,2.29,7.3,0.07,0.0,2.38,-6.52,-4.9,1.37,,,,
TRUEE,0.0,0.0,0.0,0.0,0.0,,,,,0.0,,,,,31.77,,,
TRV,4.48,1.36,311100.0,1396.0,945.0,18.39,3.02,0.33,0.17,0.24,19.33,20.2,27.33,,30.51,411.0,348.0,
TSC,13.8,2.22,2300.0,31.0,3585.0,15.05,2.23,0.47,0.60,0.92,9.16,13.3,7.72,7.41,18.87,453.0,470.0,0.08
TSE,2.52,2.44,3397300.0,8501.0,5337.0,10.06,0.83,2.17,0.04,0.25,4.2,8.1,62.91,2.98,45.31,509.0,592.0,0.22
TSF,0.01,0.0,0.0,0.0,0.0,,,-1.2,0.5,0.0,-38.67,7.89,-85.18,,99.85,,,
TSI,0.31,0.0,4117500.0,1237.0,590.0,,1.72,2.13,,0.0,-1.89,-7.01,-5.91,,38.43,,,
TSR,4.02,6.35,6914600.0,27096.0,2209.0,31.27,1.70,0.31,,0.13,5.29,5.59,5.35,1.00,43.38,925.0,837.0,-14.11
TSTE,7.4,0.0,0.0,0.0,2875.0,17.83,0.81,0.49,0.06,0.42,4.73,4.67,7.32,2.70,25.59,802.0,710.0,1.7
TSTH,1.11,2.78,924400.0,1014.0,9432.0,11.46,0.74,0.18,0.05,0.1,5.71,6.58,2.47,4.50,27.0,602.0,528.0,-0.28
TTA,7.7,1.99,3006000.0,23130.0,14124.0,2.83,0.54,0.54,0.22,2.74,13.72,21.55,15.12,2.86,69.33,112.0,118.0,-0.02
TTB,1.4,2.94,215874200.0,299267.0,134519.0,10.24,0.63,7.49,0.02,0.14,0.74,6.22,21.55,2.71,31.36,592.0,796.0,1.14
TTCL,4.56,1.33,560800.0,2530.0,2797.0,4.19,0.78,4.41,,1.08,5.48,21.42,6.31,,72.43,125.0,399.0,-0.01
TTI,29.75,0.85,100.0,3.0,1488.0,10.51,0.59,0.49,0.50,2.83,5.25,5.78,5.45,1.69,32.73,616.0,538.0,0.08
TTT,50.5,2.02,200.0,10.0,2921.0,27.22,0.42,0.26,0.50,1.86,0.6,0.64,2.19,2.02,30.63,1046.0,1073.0,-0.35
TTW,9.5,0.53,1906100.0,18007.0,37706.0,12.52,2.71,0.49,0.30,0.75,18.14,21.97,56.06,6.32,36.11,289.0,254.0,2.64
TU,16.0,1.91,17596800.0,279582.0,76826.0,9.57,1.23,2.1,0.40,1.68,5.45,13.29,5.06,5.94,65.17,332.0,500.0,0.61
TVD,1.26,9.57,342728.0,42248.0,2157.0,,1.75,,,0.0,,,,,,,,
TVDH,0.71,1.43,3062500.0,2142.0,1198.0,,1.17,0.88,,0.0,-32.66,-49.8,-20.09,,64.01,,,
TVI,11.9,0.85,226600.0,2697.0,3606.0,15.89,2.02,4.32,0.70,0.75,2.5,13.04,4.07,5.88,28.4,479.0,820.0,0.11
TVO,29.0,0.87,734400.0,21123.0,25572.0,11.08,2.38,0.48,0.20,2.59,19.85,22.89,7.55,6.90,68.15,253.0,209.0,8.35
TVT,0.73,-1.35,97500.0,70.0,592.0,32.85,0.97,0.14,0.03,0.02,2.6,2.97,-0.84,4.11,35.73,1016.0,1003.0,-0.18
TWP,2.82,0.0,68000.0,191.0,761.0,27.81,0.46,0.3,0.07,0.1,1.73,1.66,-0.14,10.14,51.22,1019.0,1017.0,-0.1
TWPC,5.0,0.0,321700.0,1609.0,4402.0,12.91,0.84,0.47,0.22,0.39,5.67,6.57,3.31,4.32,49.89,634.0,561.0,0.12
TWZ,0.07,0.0,4383300.0,306.0,1390.0,35.46,0.37,0.49,,0.0,2.38,1.11,0.61,,91.2,1096.0,1040.0,-0.06
TYCN,2.76,0.0,100.0,0.0,1647.0,,0.38,0.47,,0.0,1.01,-0.06,2.09,,33.87,,,
U,1.43,-2.72,430615.0,62448.0,8028.0,43.55,1.14,,,0.03,,,,,,,,-0.29
UAC,4.64,1.31,14200.0,66.0,3124.0,22.45,1.96,1.01,0.20,0.21,5.12,8.62,6.44,6.03,29.35,712.0,753.0,0.32
UBA,1.76,1.15,1577500.0,2764.0,0.0,,-,,-,0.0,,,,-,26.25,,,
UBE,1.52,2.01,3878700.0,5847.0,5950.0,20.08,1.02,0.22,0.02,0.08,4.56,5.17,3.46,1.58,49.22,818.0,759.0,0.09
UBIS,3.44,0.58,235200.0,804.0,980.0,84.31,1.31,0.67,,0.04,1.85,1.8,2.59,4.65,45.64,1167.0,1165.0,-0.81
UEC,1.59,0.0,52600.0,83.0,907.0,,0.74,0.16,0.06,0.0,-4.7,-5.15,-9.15,5.66,66.06,,,
UKEM,1.57,1.95,2763300.0,4336.0,1824.0,93.12,2.04,1.02,0.11,0.02,1.62,2.05,0.11,7.27,56.01,1165.0,1189.0,7.06
UMI,1.52,2.01,637400.0,970.0,1280.0,11.91,0.97,1.04,,0.13,10.98,8.46,7.03,,59.92,548.0,348.0,0.66
UMS,1.5,0.0,32900.0,49.0,1683.0,,9.80,3.72,,0.0,0.9,-8.91,-1.89,,3.78,,,
UNIQ,4.6,1.77,234800.0,1066.0,4908.0,126.04,0.61,4.62,,0.04,2.57,0.48,0.37,,52.26,1227.0,1139.0,-3.64
UOBKH,5.4,0.0,12900.0,70.0,2713.0,10.67,0.66,0.76,0.16,0.51,3.95,6.3,17.31,2.96,12.67,597.0,622.0,0.04
UP,24.0,-2.83,300.0,7.0,600.0,21.57,1.11,0.25,,1.11,4.26,5.35,6.74,,30.39,835.0,803.0,-0.35
UPA,0.24,4.35,13929800.0,3323.0,3151.0,264.31,0.75,0.27,,0.0,1.87,0.33,12.59,,81.79,1242.0,1194.0,8.26
UPF,62.0,4.64,4700.0,288.0,465.0,12.59,1.29,0.39,4.71,4.93,8.98,10.25,4.44,7.95,27.08,504.0,427.0,0.01
UPOIC,6.65,-2.21,43800.0,295.0,2171.0,6.45,1.51,0.21,0.50,1.04,24.5,24.87,12.0,7.52,24.34,122.0,72.0,-0.01
UREKA,1.1,2.8,23504300.0,25893.0,1965.0,20.89,1.45,0.48,,0.05,10.41,14.51,32.06,,53.3,522.0,520.0,4.44
UTP,14.9,0.0,265200.0,3970.0,9750.0,10.54,2.36,0.13,0.43,1.42,23.44,22.94,18.86,4.77,39.69,231.0,168.0,0.23
UV,3.3,1.23,701800.0,2304.0,6348.0,14.74,0.58,1.94,0.05,0.23,2.45,1.58,1.1,1.36,33.7,837.0,794.0,-0.77
UVAN,8.05,3.21,987800.0,7894.0,7567.0,6.34,1.88,0.18,0.30,1.27,33.34,31.74,7.35,8.97,47.84,92.0,52.0,0.15
VARO,6.9,0.73,31100.0,215.0,694.0,,0.79,1.12,,0.0,-0.22,-4.93,-1.89,,23.52,,,
VCOM,5.35,0.0,17800.0,96.0,1642.0,14.27,2.88,1.45,0.12,0.37,12.98,20.86,5.86,5.05,28.24,329.0,341.0,0.59
VGI,4.48,3.7,26211200.0,116389.0,49704.0,331.23,1.76,0.09,0.04,0.01,-0.21,-0.13,3.3,0.79,38.87,,,19.93
VIBHA,2.72,0.74,2730500.0,7389.0,36927.0,20.52,2.57,0.73,0.05,0.13,9.48,14.58,15.67,1.85,29.88,513.0,540.0,0.37
VIH,8.4,0.0,498000.0,4171.0,4851.0,6.98,1.65,0.27,0.50,1.22,22.84,25.42,21.32,5.95,27.99,126.0,88.0,0.06
VL,1.49,-0.67,511500.0,768.0,1606.0,64.93,1.67,1.11,0.02,0.02,3.45,2.85,3.92,1.39,44.14,1123.0,1065.0,-5.45
VNG,5.25,0.0,539900.0,2798.0,9023.0,7.47,1.20,1.61,0.10,0.7,8.35,16.57,8.45,7.62,22.19,228.0,325.0,-0.12
VPO,1.16,0.87,108200.0,125.0,1090.0,26.8,1.76,0.4,,0.04,7.31,6.73,2.22,,36.85,830.0,696.0,-0.33
VRANDA,7.7,1.99,234200.0,1785.0,2478.0,,1.30,1.38,,0.0,1.16,-0.26,-1.83,,32.87,,,
W,1.77,1.14,1043800.0,1835.0,1424.0,,3.80,2.83,,0.0,-24.41,-66.85,-61.2,,67.36,,,
WACOAL,35.25,0.0,0.0,0.0,4230.0,51.69,0.77,0.22,0.50,0.68,1.26,1.53,3.44,1.35,27.88,1135.0,1150.0,-1.08
WARRIX,9.3,-1.06,4007700.0,37324.0,0.0,,-,,-,0.0,,,,-,45.78,,,
WAVE,0.23,4.55,45513600.0,10058.0,1900.0,,2.20,5.21,,0.0,-62.89,-152.39,-11.01,,60.92,,,
WFX,4.9,2.94,273400.0,1333.0,2265.0,6.28,1.07,0.35,0.25,0.78,17.86,23.29,6.69,9.49,28.67,132.0,111.0,
WGE,1.31,0.0,29900.0,39.0,792.0,,1.53,1.83,,0.0,-3.16,-8.25,-6.1,,26.38,,,
WHA,3.86,0.0,15987800.0,61639.0,57695.0,17.81,1.91,1.51,0.07,0.22,6.48,10.98,17.74,2.60,67.53,571.0,614.0,-13.85
WHAUP,4.04,0.5,1071100.0,4327.0,15453.0,33.41,1.21,1.12,0.06,0.12,3.5,3.65,13.6,6.25,25.58,999.0,965.0,0.45
WICE,10.4,1.96,3342300.0,34643.0,6780.0,10.6,4.21,0.9,0.23,0.98,26.94,46.79,7.83,2.26,50.63,157.0,162.0,0.14
WIIK,1.88,0.53,359400.0,678.0,1600.0,16.81,0.76,0.29,0.06,0.11,3.68,3.69,6.18,3.19,42.41,804.0,762.0,0.24
WIN,1.0,0.0,396700.0,392.0,556.0,,1.50,0.82,,0.0,0.71,-1.19,-3.43,,35.95,,,
WINMED,4.52,-0.44,176200.0,795.0,1808.0,27.83,3.14,0.41,0.07,0.16,10.21,11.56,7.57,1.43,28.82,673.0,608.0,1.05
WINNER,2.46,1.65,319800.0,781.0,1476.0,11.77,2.28,1.18,0.06,0.21,12.34,20.33,5.19,5.25,40.17,290.0,313.0,7.41
WORK,17.9,1.13,96000.0,1717.0,7904.0,67.14,1.75,0.15,0.20,0.27,3.39,2.57,7.72,3.24,49.07,1134.0,1073.0,0.98
WP,4.5,0.0,26300.0,119.0,2333.0,17.34,1.73,4.09,0.15,0.26,2.94,10.21,1.01,3.33,40.96,595.0,823.0,1.37
WPH,4.44,4.23,1928500.0,8488.0,2676.0,8.54,2.56,0.96,0.10,0.52,22.66,34.12,13.88,2.25,29.63,129.0,126.0,0.02
XO,13.2,0.76,310600.0,4132.0,5618.0,15.34,4.87,0.21,0.19,0.86,28.76,33.61,23.93,6.16,39.87,283.0,260.0,0.19
XPG,1.31,0.0,10471300.0,13684.0,12276.0,,1.15,0.03,,0.0,-0.87,-0.9,406.95,,54.48,,,
YGG,8.15,2.52,717700.0,5761.0,4876.0,40.08,8.02,0.05,0.08,0.2,23.6,24.66,36.59,0.86,45.15,567.0,517.0,0.49
YONG,2.2,1.85,3278900.0,7218.0,1523.0,17.2,1.90,0.63,,0.13,9.49,11.42,9.25,,27.24,538.0,488.0,
YUASA,15.2,0.0,445600.0,6854.0,1636.0,14.95,1.60,0.59,0.35,1.02,8.95,11.03,4.15,2.28,15.27,518.0,476.0,-24.83
ZEN,17.3,1.17,379700.0,6474.0,5190.0,47.83,4.24,1.1,,0.36,7.31,9.29,4.02,,27.34,856.0,808.0,-2.77
ZIGA,3.48,1.75,1354000.0,4705.0,2458.0,,2.45,1.03,,0.0,-1.92,-5.63,-11.38,2.68,60.69,,,
